Air Force,31,10,21,0.323,-4.9,3.13,1,15,8,10.1,0,10.2,1773,1957,1240,632,1428,0.443,176,562,0.313,333,524,0.635,220,851,389,155,51,394,547,59.6,96,0.367,0.394,0.529,46.8,61.6,8.4,6.2,0.504,19,24.2,0.233,Unnamed: 13,59.6,106,0.4,0.44,0.558,53.2,59.8,9.7,10,0.527,17.2,30.4,0.273
Akron,35,24,11,0.686,2.82,-1.5,12,4,13,5,7,4,2472,2293,1430,877,2024,0.433,235,694,0.339,483,735,0.657,467,1269,473,213,114,464,682,65.9,104.8,0.363,0.343,0.521,51.6,53.9,9,8.5,0.491,16.4,37.2,0.239,,65.9,97.2,0.405,0.293,0.51,48.4,47.9,10.1,6.6,0.464,18.1,33.3,0.287
Alabama A&M,27,11,16,0.407,-20.19,-13.71,8,10,8,5,3,9,1778,1881,1085,599,1568,0.382,108,371,0.291,472,743,0.635,376,1004,288,249,143,444,550,73.2,89.5,0.474,0.237,0.463,46.8,48.1,12.5,12.7,0.416,18.8,33.9,0.301,,73.2,94.7,0.416,0.285,0.5,53.2,56.8,11.3,11.4,0.469,21.4,39.4,0.261
Alabama-Birmingham,34,25,9,0.735,9.46,2.9,11,5,14,4,9,4,2276,2053,1370,763,1806,0.422,177,569,0.311,573,826,0.694,420,1248,390,223,91,451,611,64.9,102.4,0.457,0.315,0.518,53.6,51.1,10,7.3,0.471,17,35.7,0.317,,64.9,92.4,0.376,0.284,0.497,46.4,48.2,10.1,11.1,0.451,18.7,28.2,0.269
Alabama State,31,16,15,0.516,-14.41,-12.02,12,6,9,3,6,11,1998,2043,1245,667,1651,0.404,190,587,0.324,474,739,0.641,400,1101,400,228,129,501,634,67.8,94.7,0.448,0.356,0.499,51.3,60,10.8,11.1,0.462,20,35.6,0.287,,67.8,96.8,0.479,0.27,0.523,48.7,49.1,11.7,10.2,0.482,19.9,31.4,0.32
Alabama,32,17,15,0.531,10.34,6.62,6,10,11,6,3,6,2192,2073,1280,791,1794,0.441,175,500,0.35,435,615,0.707,386,1126,429,249,127,410,583,65.7,104.2,0.343,0.279,0.525,50.5,54.2,11.8,10.9,0.49,16.4,35,0.242,,65.7,98.6,0.365,0.329,0.509,49.5,48.6,8.8,10.1,0.477,18,34.2,0.242
Albany (NY),32,7,25,0.219,-11.94,-5.53,2,14,4,9,3,15,2007,2212,1290,710,1736,0.409,194,585,0.332,393,545,0.721,399,1156,380,187,97,517,602,65.7,94.8,0.314,0.337,0.503,52,53.5,8.8,8.2,0.465,20.6,36,0.226,,65.7,104.4,0.351,0.341,0.53,48,55.7,12.3,11.2,0.497,15.8,31.9,0.243
Alcorn State,31,2,29,0.065,-30.36,-9,2,16,2,8,0,18,1880,2542,1245,651,1717,0.379,135,437,0.309,443,725,0.611,356,1065,269,214,98,642,670,75.3,80.2,0.422,0.255,0.456,44.5,41.3,9.1,7.4,0.418,23.7,29.2,0.258,,75.3,108.5,0.447,0.304,0.548,55.5,63.7,14.3,13.1,0.523,17.4,39.7,0.284
American,31,11,20,0.355,-11.47,-6.89,7,7,7,8,4,12,1941,2083,1265,681,1603,0.425,184,534,0.345,395,571,0.692,304,1097,447,109,81,458,590,64.1,95.7,0.356,0.333,0.518,52.4,65.6,5.4,6.6,0.482,19.6,30.2,0.246,,64.1,102.7,0.389,0.279,0.514,47.6,52.9,12.1,8.4,0.478,12.8,27,0.263
Appalachian State,37,24,13,0.649,1.8,-2.76,13,5,14,4,8,8,2766,2567,1490,954,2006,0.476,279,703,0.397,579,785,0.738,411,1424,447,201,102,544,652,67.5,110,0.391,0.35,0.581,55.7,46.9,8,7.7,0.545,18.6,35.3,0.289,,67.5,102.1,0.325,0.388,0.514,44.3,55.8,10.5,7.4,0.486,13.8,27.4,0.214
Arizona State,33,22,11,0.667,13.8,5.83,12,6,16,4,5,5,2202,1938,1320,743,1645,0.452,271,735,0.369,445,625,0.712,281,1050,461,216,80,392,542,62.1,107.4,0.38,0.447,0.567,49.9,62,10.5,7.2,0.534,16.8,28.3,0.271,,62.1,94.5,0.348,0.338,0.493,50.1,59.7,9,8.9,0.456,17.8,31,0.238
Arizona,31,16,15,0.516,7.97,8.1,10,8,11,5,4,7,2229,2233,1270,745,1681,0.443,194,542,0.358,545,744,0.733,302,1062,384,186,78,436,595,68.4,102.6,0.443,0.322,0.548,49.9,51.5,8.6,6.4,0.501,17.6,29.6,0.324,,68.4,102.8,0.383,0.319,0.525,50.1,50.2,8.3,9.5,0.487,15.8,31.5,0.266
Arkansas-Little Rock,30,8,22,0.267,-10.06,-2.23,4,14,8,6,0,14,2028,2194,1210,670,1576,0.425,185,501,0.369,503,720,0.699,296,1019,363,141,81,402,597,67.2,99.9,0.457,0.318,0.529,49,54.2,6.9,7.7,0.484,17.3,29,0.319,,67.2,108,0.389,0.381,0.544,51,60.3,7.7,9.5,0.508,15.1,31.9,0.272
Arkansas-Pine Bluff,34,18,16,0.529,-8.29,-7.68,14,4,8,1,5,14,2166,2187,1380,725,1778,0.408,141,466,0.303,575,861,0.668,422,1286,421,229,121,569,764,67.4,93.1,0.484,0.262,0.495,54.2,58.1,9.8,10.2,0.447,20.6,35.6,0.323,,67.4,94,0.545,0.307,0.505,45.8,56.2,11.2,11.4,0.455,17.9,27.1,0.361
Arkansas State,31,17,14,0.548,-4.01,-4.39,11,7,10,5,5,8,2160,2065,1250,768,1721,0.446,172,493,0.349,452,682,0.663,367,1188,406,159,129,430,562,67.6,102.3,0.396,0.286,0.528,52.6,52.9,7.5,10.3,0.496,17.4,33.8,0.263,,67.6,97.8,0.337,0.305,0.493,47.4,52.4,10.5,8.1,0.454,15.3,30.1,0.237
Arkansas,32,14,18,0.438,5.87,5.09,7,9,12,8,2,7,2391,2366,1295,829,1859,0.446,201,579,0.347,532,782,0.68,351,1103,440,232,130,439,598,71.3,103.6,0.421,0.311,0.536,48.2,53.1,10,10.1,0.5,16.4,30.7,0.286,,71.3,102.5,0.35,0.328,0.531,51.8,50.3,9.2,11.6,0.493,17.4,34.5,0.253
Army,29,14,15,0.483,-9.11,-7.96,4,10,10,4,4,11,1749,1768,1165,637,1538,0.414,159,488,0.326,316,483,0.654,300,928,334,239,74,430,580,64.9,92.5,0.314,0.317,0.495,49.3,52.4,12.6,9.8,0.466,19.6,30.5,0.205,,64.9,93.5,0.468,0.446,0.532,50.7,59.1,8.7,8.5,0.487,23,30.1,0.328
Auburn,32,15,17,0.469,5.49,4.68,6,10,12,5,1,9,2422,2373,1290,850,1913,0.444,271,819,0.331,451,689,0.655,382,1121,419,252,89,437,635,71,105.7,0.36,0.428,0.541,49.6,49.3,11,7.5,0.515,16.3,32.5,0.236,,71,103.6,0.378,0.347,0.553,50.4,51.6,9.3,10.8,0.518,18.4,31.6,0.27
Austin Peay,32,17,15,0.531,-3.85,-1.68,11,7,11,4,5,9,2320,2317,1305,786,1727,0.455,200,547,0.366,548,790,0.694,347,1092,429,189,107,458,547,67.6,105.2,0.457,0.317,0.552,49.2,54.6,8.6,8.6,0.513,17.9,32,0.317,,67.6,105,0.333,0.329,0.537,50.8,52.8,10.6,10.7,0.505,16.7,34.4,0.233
Ball State,30,15,15,0.5,-4.85,-1.48,8,8,11,6,4,8,1818,1871,1230,617,1486,0.415,113,310,0.365,471,685,0.688,314,1053,332,152,91,435,531,62.6,94.4,0.461,0.209,0.502,51,53.8,7.9,8.4,0.453,19.4,32,0.317,,62.6,97.1,0.314,0.351,0.49,49,59.1,10.5,8.5,0.455,15.7,31.7,0.216
Baylor,36,28,8,0.778,17.97,8.03,11,5,15,1,6,4,2771,2362,1450,993,2040,0.487,255,662,0.385,530,731,0.725,443,1408,508,237,242,491,639,67.2,113.8,0.358,0.325,0.58,54.4,51.2,9.7,17.4,0.549,17.1,38.5,0.26,,67.2,97,0.331,0.351,0.478,45.6,57.7,8.9,6.2,0.44,15,32.8,0.225
Belmont,31,19,12,0.613,1.3,-3.41,14,6,10,3,8,8,2266,2124,1250,763,1699,0.449,244,709,0.344,496,736,0.674,371,1150,445,222,92,513,595,70.1,103.5,0.433,0.417,0.553,51.2,58.3,10.1,7.1,0.521,20,34.9,0.292,,70.1,97,0.372,0.291,0.495,48.8,49.8,12,13.9,0.457,17.3,34.1,0.251
Bethune-Cookman,33,17,16,0.515,-13.14,-8.4,7,9,10,4,4,11,2021,1996,1325,743,1727,0.43,134,395,0.339,401,624,0.643,392,1096,344,227,114,423,593,62,98.5,0.361,0.229,0.499,50.8,46.3,11.1,10.8,0.469,17.3,35,0.232,,62,97.3,0.458,0.33,0.52,49.2,53.4,9.5,8.6,0.485,19.5,32,0.298
Binghamton,31,13,18,0.419,-10.6,-4.31,8,8,9,3,3,12,1909,2082,1250,690,1632,0.423,158,544,0.29,371,558,0.665,359,1078,299,166,122,439,530,63.2,96.7,0.342,0.333,0.503,50.2,43.3,8.4,11,0.471,18.8,34.2,0.227,,63.2,105.4,0.332,0.359,0.521,49.8,54.5,9.8,7.2,0.492,15.1,34.5,0.222
Boise State,32,15,17,0.469,-1.11,0.68,5,11,9,7,4,9,2370,2331,1290,894,1942,0.46,192,578,0.332,390,578,0.675,371,1148,515,244,119,458,537,71.3,103,0.298,0.298,0.535,50.8,57.6,10.6,8.9,0.51,17.1,32.7,0.201,,71.3,101.3,0.309,0.297,0.535,49.2,49.1,8.6,6.7,0.509,17.8,31.1,0.21
Boston College,31,15,16,0.484,9.58,7.21,6,10,11,6,3,7,2145,2048,1240,798,1786,0.447,159,487,0.326,390,545,0.716,401,1124,465,155,108,394,524,65.8,105.1,0.305,0.273,0.524,53.5,58.3,7.6,8.6,0.491,16.2,38.5,0.218,,65.8,100.3,0.31,0.283,0.508,46.5,47.5,9.2,11.1,0.478,15.3,31.7,0.208
Boston University,35,21,14,0.6,0.57,-3.23,11,5,10,4,9,8,2528,2395,1410,833,2033,0.41,300,824,0.364,562,776,0.724,397,1296,398,257,114,475,744,70.1,102.3,0.382,0.405,0.526,49.4,47.8,10.4,9,0.484,16.5,30.1,0.276,,70.1,96.9,0.424,0.352,0.508,50.6,54.7,8.9,9.7,0.468,17.8,31,0.286
Bowling Green State,30,14,16,0.467,-4.7,-0.94,6,10,9,5,5,11,1889,1976,1205,695,1564,0.444,130,399,0.326,369,551,0.67,327,1011,393,204,99,420,494,63.8,98.3,0.352,0.255,0.517,51.2,56.5,10.6,10.1,0.486,18.7,33.6,0.236,,63.8,102.8,0.346,0.385,0.533,48.8,64.6,11.1,8.2,0.503,17.5,31.7,0.235
Bradley,31,16,15,0.516,3.74,4.11,9,9,10,5,4,8,2091,2089,1250,721,1641,0.439,187,525,0.356,462,621,0.744,283,1021,370,195,85,373,518,64.9,103.1,0.378,0.32,0.54,48.5,51.3,9.6,8.2,0.496,16.2,28.4,0.282,,64.9,103,0.305,0.41,0.517,51.5,56.7,8.8,5.7,0.474,15.8,33.2,0.236
Brigham Young,36,30,6,0.833,18.82,3,13,3,15,1,10,4,2992,2392,1450,1025,2120,0.483,292,700,0.417,650,823,0.79,367,1332,567,307,126,417,621,71,116.1,0.388,0.33,0.596,53,55.3,11.9,9.1,0.552,14.2,31.2,0.307,,71,92.9,0.358,0.323,0.499,47,53.2,8.4,7.4,0.462,19.1,27.8,0.244
Brown,31,11,20,0.355,-10.68,-3.82,5,9,4,9,6,10,2073,2231,1250,710,1610,0.441,212,611,0.347,441,602,0.733,225,990,417,121,118,402,436,66.5,99.8,0.374,0.38,0.547,46.1,58.7,5.8,8.8,0.507,17.5,22.5,0.274,,66.5,107.4,0.238,0.304,0.519,53.9,49.9,10.3,11,0.497,12.7,33.3,0.161
Bucknell,31,14,17,0.452,-7.94,-6.84,9,5,8,5,5,11,2077,2107,1260,717,1749,0.41,200,607,0.329,443,607,0.73,335,1048,370,152,113,359,553,65.4,100.8,0.347,0.347,0.51,49.4,51.6,7.4,9.9,0.467,15,30.7,0.253,,65.4,102.3,0.378,0.319,0.533,50.6,52.9,8.3,8.2,0.493,16.9,30.9,0.272
Buffalo,30,18,12,0.6,-2.03,-2.27,9,7,9,4,8,6,2170,2135,1210,755,1742,0.433,207,597,0.347,453,632,0.717,379,1066,454,227,100,422,570,69,104,0.363,0.343,0.531,51,60.1,10.9,8.8,0.493,17.1,34.9,0.26,,69,102.3,0.388,0.313,0.548,49,47.8,10,8.1,0.512,19,31.6,0.272
Butler,38,33,5,0.868,14.37,5.08,18,0,15,0,12,1,2611,2258,1525,845,1911,0.442,260,761,0.342,661,896,0.738,353,1241,464,267,86,456,685,64.1,106.8,0.469,0.398,0.559,52.1,54.9,10.9,6.5,0.51,16.3,30.4,0.346,,64.1,92.4,0.346,0.316,0.501,47.9,50.6,8.2,10.4,0.466,19,27.4,0.235
Cal Poly,31,12,19,0.387,-7.99,-2.31,7,9,6,6,5,12,2176,2335,1255,738,1770,0.417,206,616,0.334,494,678,0.729,384,1100,364,171,73,417,683,67.8,102.3,0.383,0.348,0.52,51.1,49.3,8,6.8,0.475,16.6,34.1,0.279,,67.8,109.7,0.541,0.343,0.567,48.9,57.4,8.3,9.1,0.519,15.7,30.1,0.389
Cal State Fullerton,31,16,15,0.516,-2.87,-1.55,8,8,8,5,7,6,2303,2263,1285,790,1754,0.45,209,598,0.349,514,720,0.714,323,1141,421,175,98,454,613,69.3,103.4,0.41,0.341,0.549,50.2,53.3,7.9,7.6,0.51,17.8,29.7,0.293,,69.3,101.6,0.386,0.301,0.517,49.8,48.8,8.2,7.1,0.48,15.7,31,0.263
Cal State Northridge,32,11,21,0.344,-5.81,-1.06,6,10,7,6,2,13,2282,2412,1295,751,1789,0.42,156,500,0.312,624,933,0.669,431,1214,358,239,99,561,740,72.6,97.1,0.522,0.279,0.511,50.5,47.7,10.2,8.8,0.463,20.1,35.9,0.349,,72.6,102.6,0.48,0.381,0.538,49.5,61.8,10.8,8.5,0.489,18.9,34.9,0.344
UC-Davis,32,14,18,0.438,-6.23,-3.01,8,8,8,5,4,11,2225,2262,1285,751,1700,0.442,210,589,0.357,513,729,0.704,297,1015,446,247,90,482,641,69.4,99.8,0.429,0.346,0.544,48.6,59.4,11.1,8,0.504,19.1,28.1,0.302,,69.4,101.4,0.451,0.328,0.554,51.4,57.3,11,8,0.523,19.6,30.3,0.298
UC-Irvine,32,14,18,0.438,-7.49,-3.75,6,10,10,5,3,11,2162,2228,1285,749,1772,0.423,188,543,0.346,476,658,0.723,352,1060,419,181,89,367,603,65.7,102.5,0.371,0.306,0.519,48.5,55.9,8.6,7.6,0.476,15,31.1,0.269,,65.7,105.6,0.434,0.307,0.547,51.5,51.5,7.2,7.6,0.506,17.4,32.8,0.308
UC-Riverside,29,12,17,0.414,-6.99,-2.61,5,11,8,6,4,11,1833,1859,1175,643,1546,0.416,153,433,0.353,394,608,0.648,362,1063,353,149,67,377,532,63.1,98.9,0.393,0.28,0.5,53.3,54.9,8,7.5,0.465,17,35.5,0.255,,63.1,100.3,0.404,0.401,0.522,46.7,58.5,9.3,8.2,0.489,16.4,28,0.266
UC-Santa Barbara,30,20,10,0.667,-0.13,-1.09,12,4,11,2,6,7,2028,1972,1205,674,1522,0.443,205,544,0.377,475,698,0.681,268,984,414,202,92,460,572,67.7,99.4,0.459,0.357,0.547,48.4,61.4,9.9,9.5,0.51,19.9,27.4,0.312,,67.7,96.7,0.402,0.399,0.514,51.6,57.5,10.5,8.6,0.478,19.3,32.3,0.268
University of California,35,24,11,0.686,17.29,8.26,13,5,15,1,6,6,2703,2387,1405,966,2028,0.476,228,609,0.374,543,717,0.757,395,1241,500,198,86,421,593,67.9,113.4,0.354,0.3,0.571,52.5,51.8,8.3,6.3,0.533,15.1,34.7,0.268,,67.9,100.1,0.333,0.31,0.517,47.5,50.2,8.1,9.3,0.483,16.2,31.1,0.231
Campbell,30,19,11,0.633,-3.13,-4.96,14,6,12,3,7,7,2057,1900,1200,702,1578,0.445,144,411,0.35,509,719,0.708,353,978,430,314,64,429,563,66.7,102.9,0.456,0.26,0.536,50.6,61.3,15.7,7.1,0.49,18.3,35.4,0.323,,66.7,95,0.414,0.392,0.539,49.4,66,9.8,13.4,0.502,23.8,33.3,0.285
Canisius,32,15,17,0.469,-5.19,-4.09,8,10,7,5,5,10,2125,2160,1306,744,1806,0.412,210,667,0.315,427,609,0.701,404,1199,403,193,112,471,585,66.1,98.4,0.337,0.369,0.507,51,54.2,8.9,9.2,0.47,18.4,35,0.236,,66.1,100,0.316,0.347,0.506,49,55.2,10.6,9.9,0.478,16.5,33.5,0.207
Centenary (LA),29,8,21,0.276,-17.16,-5.08,3,15,5,9,3,11,2056,2320,1175,684,1645,0.416,227,644,0.352,461,629,0.733,274,874,383,231,65,442,617,71.9,97.3,0.382,0.391,0.529,43.9,56,10.9,5.8,0.485,18.5,25.9,0.28,,71.9,109.8,0.446,0.307,0.587,56.1,55.2,10.2,12.9,0.548,19.3,35.9,0.327
Central Connecticut State,30,12,18,0.4,-14.68,-9.68,9,9,8,4,3,13,1834,1935,1215,645,1599,0.403,152,487,0.312,392,547,0.717,330,974,329,200,90,402,454,63.7,94.8,0.342,0.305,0.493,48.7,51,10.3,7.8,0.451,17.8,32.1,0.245,,63.7,100.1,0.286,0.288,0.528,51.3,47.8,10.6,10.3,0.504,19,33.6,0.191
Central Florida,32,15,17,0.469,-0.03,2.19,6,10,9,6,3,9,2133,2184,1295,758,1716,0.442,178,526,0.338,439,644,0.682,356,1052,474,248,95,457,599,65.5,100.6,0.375,0.307,0.527,49.2,62.5,11.7,8.6,0.494,18.4,33.3,0.256,,65.5,103,0.406,0.355,0.536,50.8,55.3,11,9.6,0.501,18.3,35,0.276
Central Michigan,30,15,15,0.5,-3.58,-3.58,9,7,10,3,5,11,1937,1924,1200,651,1588,0.41,229,615,0.372,406,611,0.664,371,1005,321,246,85,427,654,64.5,100.2,0.385,0.387,0.516,50.8,49.3,12.7,8.9,0.482,18.5,35.6,0.256,,64.5,99.5,0.549,0.321,0.541,49.2,50.2,9,10.2,0.482,20.5,32.3,0.401
Charleston Southern,30,13,17,0.433,-13.25,-8.12,7,11,11,3,2,14,2062,2030,1220,767,1789,0.429,197,558,0.353,331,500,0.662,407,1100,331,269,121,444,535,67.6,100,0.279,0.312,0.509,50.6,43.2,13,10.7,0.484,18,36,0.185,,67.6,98.4,0.359,0.316,0.524,49.4,54.2,10.6,7.6,0.495,19.6,33.4,0.237
Charlotte,31,19,12,0.613,3.96,3,9,7,10,5,7,7,2276,2205,1250,756,1807,0.418,201,646,0.311,563,768,0.733,413,1227,409,183,126,414,564,69.4,105,0.425,0.357,0.524,51.7,54.1,8.4,10.5,0.474,16,35.5,0.312,,69.4,101.7,0.32,0.365,0.506,48.3,54,8.4,10.1,0.471,15,32.9,0.224
Chattanooga,33,15,18,0.455,-8.56,-3.68,6,12,11,5,2,11,2305,2379,1320,823,1889,0.436,269,809,0.333,390,631,0.618,383,1238,483,199,82,538,626,70.9,98.5,0.334,0.428,0.527,50.8,58.7,8.5,8.3,0.507,19.7,31.8,0.206,,70.9,101.7,0.318,0.488,0.533,49.2,58.4,11.5,10.5,0.507,17.9,30.8,0.213
Chicago State,32,9,23,0.281,-21.8,-7.61,4,8,7,5,0,17,2010,2287,1285,701,1833,0.382,139,513,0.271,469,709,0.661,453,1169,321,222,69,511,640,68.9,90.7,0.387,0.28,0.463,50.8,45.8,10,6.8,0.42,19.1,36.1,0.256,,68.9,103.3,0.467,0.39,0.565,49.2,60.2,10.6,8.6,0.533,20.1,31.7,0.313
Cincinnati,35,19,16,0.543,9.98,8.45,7,11,13,5,2,9,2408,2327,1420,890,2081,0.428,200,687,0.291,428,671,0.638,489,1374,482,199,107,458,642,66.4,102.2,0.322,0.33,0.502,54.3,54.2,8.4,8.4,0.476,16,38.3,0.206,,66.4,98.8,0.36,0.346,0.509,45.7,54.4,9.6,7.6,0.472,15.6,29.4,0.247
Citadel,32,16,16,0.5,-3.44,-2.94,9,9,8,6,5,8,1950,1914,1285,687,1669,0.412,229,647,0.354,347,480,0.723,312,1023,350,165,48,343,488,60.2,100.8,0.288,0.388,0.514,49.2,50.9,8.5,4.7,0.48,15.3,29.4,0.208,,60.2,98.9,0.327,0.366,0.513,50.8,44.9,8.3,10.3,0.481,17.1,30.4,0.223
Clemson,32,21,11,0.656,15.71,7.9,9,7,14,2,5,6,2350,2065,1280,851,1878,0.453,216,631,0.342,432,654,0.661,420,1178,453,301,151,480,564,70.1,104.8,0.348,0.336,0.537,51.4,53.2,13.4,11.9,0.511,18,36.5,0.23,,70.1,92.1,0.354,0.285,0.5,48.6,51.5,11.7,8,0.464,21.1,33.5,0.24
Cleveland State,33,16,17,0.485,0.57,2.12,10,8,13,5,3,9,2283,2254,1320,796,1802,0.442,214,614,0.349,477,637,0.749,320,975,431,293,61,405,711,66.3,104.4,0.353,0.341,0.542,46.6,54.1,13.4,5.4,0.501,16.1,29.4,0.265,,66.3,103.1,0.515,0.302,0.56,53.4,56.5,8.4,8.1,0.524,20.7,35,0.347
Coastal Carolina,35,28,7,0.8,-0.78,-10.14,15,3,17,2,9,4,2584,2103,1400,966,2022,0.478,184,512,0.359,468,740,0.632,465,1375,541,265,156,452,566,67.4,109.5,0.366,0.253,0.544,53.8,56,11.2,11.7,0.523,16,38.3,0.231,,67.4,89.1,0.287,0.334,0.461,46.2,42.1,9.3,5.9,0.428,18.2,32.1,0.192
Colgate,29,10,19,0.345,-11.34,-6.52,6,8,7,6,3,11,1955,2069,1180,693,1596,0.434,192,519,0.37,377,550,0.685,320,996,384,181,59,434,540,66.8,99.2,0.345,0.325,0.526,51,55.4,9.2,5.7,0.494,18.9,32.1,0.236,,66.8,105,0.368,0.356,0.55,49,59.1,10.2,8.5,0.512,16.4,29.3,0.268
College of Charleston,34,22,12,0.647,-0.81,-2.46,14,4,12,1,8,9,2549,2493,1365,950,2073,0.458,326,879,0.371,323,435,0.743,301,1078,445,199,162,382,574,69,108.2,0.21,0.424,0.559,43.9,46.8,8.4,10.6,0.537,14.4,25.6,0.156,,69,105.8,0.313,0.27,0.518,56.1,47,8.7,7.3,0.494,15.7,39.4,0.202
Colorado State,32,16,16,0.5,1.35,3.61,7,9,11,4,3,11,2120,2134,1290,704,1637,0.43,177,502,0.353,535,791,0.676,354,1105,340,231,78,485,658,66.6,98.7,0.483,0.307,0.527,51.8,48.3,10.8,7.5,0.484,19.4,32.8,0.327,,66.6,99.3,0.473,0.358,0.535,48.2,54.9,10.2,10.6,0.495,18.9,28.9,0.321
Colorado,31,15,16,0.484,7.01,7.7,6,10,13,3,1,10,2313,2299,1250,773,1634,0.473,206,531,0.388,561,732,0.766,228,884,443,256,70,409,659,69.2,107,0.448,0.325,0.584,44.2,57.3,11.8,6,0.536,17.1,23.7,0.343,,69.2,106.3,0.458,0.312,0.555,55.8,52.5,9.6,10.2,0.516,18.5,36.7,0.319
Columbia,28,11,17,0.393,-11.75,-6.04,5,9,7,6,4,11,1686,1828,1120,590,1452,0.406,135,359,0.376,371,553,0.671,302,925,279,208,52,401,552,64.9,92.8,0.381,0.247,0.492,50.2,47.3,11.5,5.9,0.453,19,31.4,0.256,,64.9,100.7,0.43,0.364,0.548,49.8,53.6,10.3,8.7,0.511,19.6,29,0.298
Connecticut,34,18,16,0.529,12.5,9.15,7,11,15,4,2,9,2380,2266,1360,842,1877,0.449,125,403,0.31,571,829,0.689,460,1338,461,220,260,506,538,68.3,102.5,0.442,0.215,0.524,52.6,54.8,9.5,17.6,0.482,18.2,38.7,0.304,,68.3,97.6,0.266,0.301,0.475,47.4,51,11.4,9.5,0.441,15,35.3,0.187
Coppin State,30,8,22,0.267,-14.89,-6.81,3,13,7,6,1,15,1833,2029,1210,654,1680,0.389,148,467,0.317,377,511,0.738,337,1003,304,185,63,419,561,66.2,91.6,0.304,0.278,0.477,46.3,46.5,9.2,6.3,0.433,17.9,30.7,0.224,,66.2,101.3,0.418,0.392,0.517,53.7,56.6,10.3,9.5,0.48,18.3,37.8,0.278
Cornell,34,29,5,0.853,8.76,-0.91,13,1,11,1,13,3,2596,2192,1370,913,1894,0.482,326,759,0.43,393,538,0.73,353,1149,543,243,122,414,598,64.6,117.3,0.284,0.401,0.604,52.4,59.5,11,10.2,0.568,16.1,33.3,0.207,,64.6,99,0.37,0.326,0.525,47.6,52.5,9.8,8.5,0.475,18.1,29.6,0.263
Creighton,34,18,16,0.529,3.59,3.15,10,8,15,2,3,10,2374,2320,1370,812,1870,0.434,251,746,0.336,499,693,0.72,357,1194,465,174,111,414,621,65.9,105.1,0.371,0.399,0.54,50.5,57.3,7.7,9,0.501,15.8,30.8,0.267,,65.9,102.7,0.37,0.35,0.52,49.5,55.1,8.8,9,0.478,15.2,30.7,0.267
Dartmouth,28,5,23,0.179,-18.46,-5.46,1,13,5,10,0,13,1513,1835,1120,574,1506,0.381,102,347,0.294,263,401,0.656,286,862,285,178,64,376,512,63.8,84.7,0.266,0.23,0.446,45.8,49.7,10,6.3,0.415,18.1,28.6,0.175,,63.8,102.7,0.381,0.298,0.535,54.2,52,9.9,8.8,0.496,18,34.7,0.273
Davidson,31,16,15,0.516,-2.26,-1.26,11,7,10,4,5,5,2240,2200,1260,759,1775,0.428,279,765,0.365,405,598,0.677,374,1148,474,141,112,421,603,66.9,106.3,0.337,0.431,0.544,52.5,62.5,6.7,9.6,0.506,17,33.2,0.228,,66.9,104.4,0.369,0.321,0.546,47.5,45.9,8.9,8.7,0.496,16,27.2,0.262
Dayton,37,25,12,0.676,13.25,5.61,8,8,16,2,6,7,2599,2305,1495,909,2050,0.443,256,744,0.344,525,789,0.665,437,1432,544,237,128,535,729,67.4,103.3,0.385,0.363,0.536,54,59.8,9.4,10.1,0.506,18.1,34.1,0.256,,67.4,91.6,0.409,0.358,0.487,46,53,9,9,0.448,18,27.3,0.269
Delaware State,29,17,12,0.586,-9.08,-7.6,11,5,12,3,4,8,1697,1691,1170,607,1485,0.409,145,444,0.327,338,499,0.677,328,809,300,239,71,332,440,59,98.4,0.336,0.299,0.493,47,49.4,13.9,7.8,0.458,16.2,34.6,0.228,,59,98,0.358,0.3,0.556,53,52.8,8.2,8.3,0.535,24.6,37.8,0.231
Delaware,31,7,24,0.226,-7.86,1.37,3,15,5,10,2,13,1965,2251,1270,685,1751,0.391,174,594,0.293,421,602,0.699,400,1078,361,156,73,411,649,64.6,95.8,0.344,0.339,0.482,49.4,52.7,7.6,6.6,0.441,16.8,34.5,0.24,,64.6,109.8,0.449,0.337,0.552,50.6,53.8,9.7,8.9,0.512,15.1,33.8,0.317
Denver,32,19,13,0.594,-2.76,-4.89,10,8,15,1,2,11,2079,2012,1280,689,1406,0.49,251,635,0.395,450,630,0.714,156,768,465,181,97,378,697,60.3,107.7,0.448,0.452,0.61,44.6,67.5,9.4,9.2,0.579,18.1,18.8,0.32,,60.3,104.2,0.597,0.248,0.559,55.4,39.8,8.7,10.9,0.507,18.5,31.3,0.421
DePaul,31,8,23,0.258,1.61,7.58,1,17,6,9,0,11,1891,2073,1260,704,1771,0.398,175,558,0.314,308,529,0.582,372,1036,366,236,97,338,570,63.1,95.2,0.299,0.315,0.468,46.2,52,11.9,8.4,0.447,14.3,31.5,0.174,,63.1,104.3,0.396,0.312,0.523,53.8,59.4,8.3,9,0.488,16.8,37.4,0.267
Detroit Mercy,34,20,14,0.588,1.35,-1.59,9,9,11,5,6,8,2360,2234,1370,829,1805,0.459,146,438,0.333,556,849,0.655,401,1225,464,255,133,530,631,68.4,100.7,0.47,0.243,0.534,52.9,56,10.9,10.9,0.5,19.4,35.5,0.308,,68.4,95.3,0.356,0.349,0.51,47.1,50.1,10.3,6,0.469,19.2,30.5,0.255
Drake,33,14,19,0.424,0.54,3.34,7,11,8,8,4,8,2197,2259,1325,738,1694,0.436,284,746,0.381,437,577,0.757,221,939,386,182,67,332,551,63.2,105,0.341,0.44,0.558,44.8,52.3,8.7,6.1,0.519,14.4,21.2,0.258,,63.2,107.9,0.317,0.381,0.555,55.2,55.7,7.9,9.2,0.529,16.7,32,0.219
Drexel,32,16,16,0.5,-0.03,0.19,11,7,10,4,6,11,2044,2051,1285,732,1802,0.406,153,490,0.312,427,650,0.657,407,1152,397,190,113,387,665,65.1,97.8,0.361,0.272,0.484,50,54.2,9.1,9,0.449,15.5,34.2,0.237,,65.1,98.1,0.462,0.251,0.502,50,51.3,9,12.3,0.45,16.8,33,0.324
Duke,40,35,5,0.875,25.21,9.21,13,3,17,0,5,5,3081,2441,1600,1049,2375,0.442,301,782,0.385,682,899,0.759,582,1560,555,266,162,440,722,66.5,115.8,0.379,0.329,0.55,54.4,52.9,10,9.8,0.505,13.6,40.9,0.287,,66.5,91.7,0.34,0.254,0.477,45.6,49,7.9,9.7,0.437,18.2,32.4,0.234
Duquesne,32,16,16,0.5,0.79,1.95,7,9,11,3,3,12,2251,2284,1325,819,1920,0.427,172,659,0.261,441,730,0.604,417,1195,441,259,138,457,602,69.6,97.7,0.38,0.343,0.497,47.5,53.8,11.2,11.1,0.471,16.8,32.8,0.23,,69.6,99.1,0.351,0.351,0.51,52.5,57.5,9.1,11.1,0.478,19,37.5,0.234
East Carolina,31,10,21,0.323,-5.91,4.42,4,12,5,9,4,8,2082,2323,1245,717,1641,0.437,168,515,0.326,480,685,0.701,348,1103,367,199,106,518,546,68.8,97.3,0.417,0.314,0.529,51.1,51.2,9.3,8.6,0.488,20.9,34,0.293,,68.8,108.6,0.352,0.336,0.537,48.9,59.2,13.1,10.7,0.503,14.3,33.5,0.248
East Tennessee State,35,20,15,0.571,-0.83,-1.47,13,7,9,5,9,9,2424,2362,1405,855,1978,0.432,177,575,0.308,537,815,0.659,445,1277,382,293,112,519,673,69.4,99.5,0.412,0.291,0.512,50.5,44.7,12,9.9,0.477,18,35,0.271,,69.4,97,0.394,0.408,0.519,49.5,57.8,10.6,9.3,0.486,20.4,33.8,0.261
Eastern Illinois,31,19,12,0.613,-5,-5,11,7,12,4,7,7,2112,2023,1260,780,1690,0.462,129,344,0.375,423,587,0.721,349,1084,465,192,104,420,519,64.5,103.9,0.347,0.204,0.536,52,59.6,9.4,10.1,0.5,17.6,35.2,0.25,,64.5,99.5,0.338,0.394,0.511,48,59.9,10.4,9.6,0.474,17.1,32.9,0.238
Eastern Kentucky,33,20,13,0.606,-2.07,-5.16,11,7,15,3,4,10,2351,2208,1320,846,1790,0.473,327,823,0.397,332,460,0.722,243,886,514,234,76,319,544,63,113.1,0.257,0.46,0.585,44.6,60.8,11.3,7,0.564,13.7,24.1,0.185,,63,106.2,0.335,0.353,0.564,55.4,61.7,7.6,10.1,0.536,18.7,34.3,0.236
Eastern Michigan,32,17,15,0.531,-3.46,-3.59,8,8,11,4,5,9,2124,2096,1290,713,1711,0.417,201,659,0.305,497,755,0.658,370,1126,399,216,92,435,569,66.3,99.3,0.441,0.385,0.513,51,56,10.1,7.9,0.475,17.4,32.8,0.29,,66.3,97.9,0.376,0.315,0.521,49,55.2,9.6,10.4,0.49,18.4,29.9,0.248
Eastern Washington,30,9,21,0.3,-11.91,-1.91,5,11,7,6,2,13,2065,2288,1210,723,1739,0.416,206,581,0.355,413,579,0.713,302,1021,408,186,74,452,626,71.5,95.5,0.333,0.334,0.513,48.5,56.4,8.6,6.4,0.475,18.3,27.3,0.237,,71.5,105.8,0.459,0.297,0.568,51.5,49.4,10.5,11.8,0.528,17.4,27.9,0.327
Elon,32,9,23,0.281,-10.4,-3.04,5,13,4,7,4,12,2141,2335,1290,760,1837,0.414,229,716,0.32,392,605,0.648,329,1060,401,192,64,422,599,68.9,96.4,0.329,0.39,0.504,46.2,52.8,8.6,5.1,0.476,16.6,27.8,0.213,,68.9,105.1,0.352,0.324,0.543,53.8,52.1,8.7,11.6,0.517,17.4,34.1,0.235
Evansville,30,9,21,0.3,-4.61,1.82,3,15,7,9,2,11,1944,2068,1215,668,1550,0.431,138,389,0.355,470,652,0.721,286,1001,423,153,50,431,642,66,96.9,0.421,0.251,0.523,50.6,63.3,7.6,5,0.475,18.8,29.2,0.303,,66,103.1,0.44,0.364,0.546,49.4,55.2,10.1,11.5,0.501,17.3,28.4,0.317
Fairfield,34,23,11,0.676,0.4,-3.33,13,5,12,2,9,9,2414,2287,1380,860,1996,0.431,207,618,0.335,487,699,0.697,455,1243,473,253,174,452,627,67,104.4,0.35,0.31,0.518,50.7,55,10.9,13.3,0.483,16.3,36.5,0.244,,67,98.9,0.343,0.313,0.517,49.3,48.4,9.7,9.1,0.483,18.6,34.6,0.237
Fairleigh Dickinson,32,11,21,0.344,-15.56,-6.42,10,8,7,7,4,12,2027,2279,1285,701,1678,0.418,144,447,0.322,481,743,0.647,319,1128,361,176,127,497,610,68.5,92.1,0.443,0.266,0.499,48.8,51.5,8,10.4,0.461,19.7,28.9,0.287,,68.5,103.6,0.365,0.347,0.519,51.2,59,10.2,8,0.491,15.1,32.9,0.237
Florida A&M,31,9,22,0.29,-18.8,-6.41,5,11,6,6,3,13,1965,2270,1245,683,1681,0.406,172,558,0.308,427,667,0.64,358,1042,312,178,82,485,591,68.2,92.6,0.397,0.332,0.492,46.8,45.7,8.4,6.7,0.457,19.5,31.9,0.254,,68.2,107,0.376,0.319,0.538,53.2,52.8,11,7.2,0.504,16.8,37.9,0.26
Florida Atlantic,30,14,16,0.467,-4.48,-3.3,10,8,9,4,5,10,2202,2205,1225,779,1824,0.427,220,577,0.381,424,626,0.677,367,1061,431,172,137,370,632,69.2,103.9,0.343,0.316,0.519,47.9,55.3,8.1,10.7,0.487,14.9,31.7,0.232,,69.2,104.1,0.45,0.241,0.539,52.1,49.6,7.4,10,0.504,17.5,34.4,0.301
Florida International,32,7,25,0.219,-12.81,-2.74,4,14,4,9,3,15,2176,2469,1290,782,1882,0.416,176,609,0.289,436,624,0.699,385,1053,395,254,60,435,623,69,97.8,0.332,0.324,0.499,46.9,50.5,11.4,5.3,0.462,16.6,31.6,0.232,,69,111,0.38,0.371,0.586,53.1,59,10.7,10.4,0.558,18.3,34.9,0.268
Florida State,32,22,10,0.688,14.64,6.79,10,6,13,3,6,5,2183,1932,1285,783,1734,0.452,186,557,0.334,431,669,0.644,406,1211,446,267,200,528,575,67.6,100.6,0.386,0.321,0.532,53.7,57,12.3,17.7,0.505,20.5,38.1,0.249,,67.6,89,0.348,0.353,0.473,46.3,47.3,11.7,6.6,0.435,20.1,32.4,0.234
Florida,34,21,13,0.618,11.89,7.16,9,7,13,4,5,5,2455,2258,1375,890,2006,0.444,203,648,0.313,472,671,0.703,455,1265,479,243,94,423,501,66.5,107.4,0.334,0.323,0.528,52,53.8,10.6,7.2,0.494,15.4,37,0.235,,66.5,98.8,0.277,0.329,0.511,48,52.2,9.9,9.9,0.484,17.4,32.8,0.188
Fordham,28,2,26,0.071,-13.18,2.08,0,16,2,10,0,15,1793,2220,1120,645,1698,0.38,134,482,0.278,369,544,0.678,359,1046,273,157,115,437,556,72.7,88.1,0.32,0.284,0.458,47.7,42.3,7.7,9.5,0.419,18.3,31.4,0.217,,72.7,109.1,0.395,0.298,0.541,52.3,55.1,11.6,9,0.505,14.3,34.5,0.274
Fresno State,33,15,18,0.455,0.14,1.31,7,9,12,6,3,11,2188,2207,1320,750,1763,0.425,215,675,0.319,473,698,0.678,343,1104,466,261,143,462,555,66.9,99.1,0.396,0.383,0.522,48.8,62.1,11.8,12.5,0.486,18.1,30.4,0.268,,66.9,100,0.341,0.367,0.525,51.2,58.5,9.9,10.1,0.494,18.2,32.8,0.231
Furman,30,13,17,0.433,-7.01,-4.83,7,11,8,6,4,9,2052,2059,1205,676,1620,0.417,195,554,0.352,505,706,0.715,325,1074,347,148,154,433,631,68.4,99.6,0.436,0.342,0.525,50.2,51.3,7.2,12.5,0.477,18.1,31.4,0.312,,68.4,100,0.419,0.273,0.506,49.8,52.5,9.7,8.9,0.47,15.6,32.2,0.273
Gardner-Webb,29,8,21,0.276,-20.32,-5.61,5,13,5,10,3,11,2005,2257,1175,739,1749,0.423,198,592,0.334,329,512,0.643,352,1044,414,201,73,525,588,73.5,92.9,0.293,0.338,0.503,47.9,56,9.3,6.1,0.479,20.9,31.7,0.188,,73.5,104.6,0.401,0.31,0.546,52.1,56.6,12.1,9.2,0.518,18.2,35.2,0.263
George Mason,32,17,15,0.531,-0.44,0.06,12,6,11,5,5,8,2145,2161,1290,759,1729,0.439,165,481,0.343,462,720,0.642,365,1111,379,210,128,438,557,66.3,100.4,0.416,0.278,0.518,49.2,49.9,9.8,10.2,0.487,17.5,32.8,0.267,,66.3,101.1,0.34,0.306,0.512,50.8,54.7,10.3,9.2,0.479,16.6,35,0.232
George Washington,31,16,15,0.516,3.12,0.96,6,10,8,7,7,8,2180,2113,1250,783,1800,0.435,154,467,0.33,460,705,0.652,431,1197,398,244,109,443,647,69,101.2,0.392,0.259,0.511,52.9,50.8,11.3,10.7,0.478,17.2,37.3,0.256,,69,98.1,0.428,0.395,0.519,47.1,61.3,9,10,0.483,18.8,30.8,0.283
Georgetown,34,23,11,0.676,17.03,9.56,10,8,12,4,6,5,2500,2246,1360,905,1815,0.499,212,548,0.387,478,672,0.711,333,1132,524,237,161,473,579,66.6,110.4,0.37,0.302,0.586,51.8,57.9,10.5,12.9,0.557,18.1,33.1,0.263,,66.6,99.2,0.334,0.342,0.513,48.2,56.7,10.9,10.4,0.474,16.9,32.2,0.24
Georgia Southern,32,9,23,0.281,-12.57,-1.67,6,12,8,6,1,16,2260,2529,1290,791,1849,0.428,231,611,0.378,447,665,0.672,368,985,444,259,106,512,693,71.7,97.7,0.36,0.33,0.522,45.2,56.1,11.2,8.5,0.49,19.1,31.4,0.242,,71.7,109.3,0.449,0.295,0.592,54.8,53.6,8.6,8.7,0.571,21.1,38.9,0.293
Georgia State,32,12,20,0.375,-3.74,-1.48,5,13,9,5,1,12,1993,2039,1295,740,1770,0.418,135,428,0.315,378,551,0.686,423,1082,356,231,106,432,599,63,97.8,0.311,0.242,0.49,50.3,48.1,11.3,9.7,0.456,17.5,37.9,0.214,,63,100,0.418,0.328,0.522,49.7,57.7,11.2,8.2,0.478,19,36.3,0.296
Georgia Tech,36,23,13,0.639,14.11,9.02,7,9,14,2,3,8,2621,2365,1445,948,2064,0.459,213,587,0.363,512,779,0.657,477,1430,508,288,190,591,670,70.5,103,0.377,0.284,0.538,53.2,53.6,11.3,13.9,0.511,19.5,38,0.248,,70.5,92.9,0.345,0.358,0.477,46.8,57.7,11.2,7.7,0.441,18.1,33.6,0.23
Georgia,31,14,17,0.452,7.33,8.04,5,11,12,4,0,12,2128,2150,1245,759,1664,0.456,150,410,0.366,460,641,0.718,385,1117,425,187,145,471,503,66.2,103.2,0.385,0.246,0.541,53.3,56,9.1,11.9,0.501,19.3,38.2,0.276,,66.2,104.3,0.323,0.319,0.523,46.7,46.2,12.4,11.2,0.484,15.2,32.7,0.238
Gonzaga,34,27,7,0.794,12.11,3.83,12,2,14,1,6,3,2614,2291,1375,912,1856,0.491,182,516,0.353,608,916,0.664,358,1286,456,227,142,444,614,69.4,109.6,0.494,0.278,0.57,53.1,50,9.5,10.5,0.54,16.2,32.1,0.328,,69.4,96.1,0.337,0.327,0.492,46.9,50.9,9.4,7.3,0.462,16,28.9,0.219
Grambling,28,7,21,0.25,-23.05,-12.75,4,14,4,7,2,13,1784,2048,1135,613,1551,0.395,166,479,0.347,392,570,0.688,298,930,315,210,73,438,624,69.7,90.2,0.368,0.309,0.49,45.9,51.4,10.6,6.7,0.449,19.4,28.7,0.253,,69.7,103.5,0.549,0.279,0.536,54.1,53.8,12.1,9.7,0.499,18.8,36.2,0.354
Green Bay,35,22,13,0.629,0.33,0.75,11,7,11,4,9,7,2397,2341,1420,832,1905,0.437,234,622,0.376,499,680,0.734,390,1142,410,213,89,434,649,64.1,105.3,0.357,0.327,0.538,49.2,49.3,9.4,6.9,0.498,16.3,33.5,0.262,,64.1,102.8,0.358,0.321,0.53,50.8,48.9,9.4,9.4,0.496,17.8,34.9,0.248
Hampton,32,14,18,0.438,-6.75,-8.36,8,8,6,6,6,9,2102,2050,1280,725,1708,0.424,164,549,0.299,488,720,0.678,368,1106,385,278,127,496,591,68,96.6,0.422,0.321,0.513,48.9,53.1,12.8,10.6,0.472,19.5,33.5,0.286,,68,94.3,0.393,0.315,0.492,51.1,50.2,8.8,7,0.46,19.9,36.7,0.247
Hartford,30,8,22,0.267,-13.77,-6.04,6,10,5,8,3,13,1868,2100,1205,668,1678,0.398,233,678,0.344,299,468,0.639,297,932,340,181,80,350,659,64.9,95.6,0.279,0.404,0.492,45.1,50.9,9.3,8.5,0.468,15.6,27,0.178,,64.9,107.5,0.495,0.384,0.558,54.9,54.1,7.3,10.2,0.518,17.7,34.4,0.343
Harvard,29,21,8,0.724,1.59,-3.91,10,4,11,2,10,6,2145,1928,1180,723,1510,0.479,185,512,0.361,514,672,0.765,272,970,446,228,136,446,540,67.7,107.5,0.445,0.339,0.586,51.7,61.7,11.4,12.6,0.54,19.6,31.3,0.34,,67.7,96.6,0.406,0.31,0.516,48.3,54,9.4,10.8,0.472,18.8,30.6,0.288
Hawaii,30,10,20,0.333,-4.91,0.33,3,13,10,11,0,9,2044,2187,1200,707,1640,0.431,150,479,0.313,480,727,0.66,402,1075,415,133,61,429,543,67,101.7,0.443,0.292,0.515,52.5,58.7,6.6,5.3,0.477,17.8,38.8,0.293,,67,108.8,0.371,0.334,0.543,47.5,50.9,9.5,7.2,0.509,14.1,33.3,0.259
High Point,30,15,15,0.5,-14.63,-9.3,10,8,12,1,3,14,2169,2203,1205,771,1787,0.431,196,551,0.356,431,627,0.687,390,1063,385,205,127,471,648,71.4,100.9,0.351,0.308,0.52,49.4,49.9,9.5,10.5,0.486,18.4,34.8,0.241,,71.4,102.5,0.483,0.264,0.545,50.6,50.3,10.4,10.9,0.502,18.9,34.6,0.337
Hofstra,34,19,15,0.559,1.65,-0.02,10,8,11,6,6,7,2406,2320,1375,859,2102,0.409,184,565,0.326,482,664,0.726,503,1382,466,254,219,469,731,69.2,101.1,0.316,0.269,0.498,52.5,54.2,10.7,16.5,0.452,16.2,37.4,0.229,,69.2,97.5,0.494,0.293,0.5,47.5,55.7,10.2,11.6,0.439,16.6,31.6,0.341
Holy Cross,31,9,22,0.29,-8.03,-5.57,5,9,5,7,3,14,2147,2223,1250,761,1707,0.446,161,423,0.381,464,662,0.701,382,1136,409,134,89,447,551,66.8,102.9,0.388,0.248,0.531,53,53.7,6.4,7.4,0.493,18.1,36.8,0.272,,66.8,106.5,0.327,0.34,0.53,47,60.3,10.6,9.2,0.498,13.9,31.8,0.227
Houston,35,19,16,0.543,6.74,3.48,7,9,10,5,4,9,2751,2624,1410,958,2282,0.42,290,814,0.356,545,768,0.71,441,1185,435,329,103,315,652,71.4,109.3,0.337,0.357,0.52,44.5,45.4,13.1,7.2,0.483,10.6,30.4,0.239,,71.4,104.3,0.395,0.295,0.548,55.5,50.6,6.3,8.1,0.51,19.6,38.7,0.282
Howard,32,7,25,0.219,-19.49,-7.27,6,10,4,5,2,15,1868,2251,1290,639,1704,0.375,178,599,0.297,412,696,0.592,388,1092,308,140,69,473,537,65.6,88.3,0.408,0.352,0.459,48.1,48.2,6.6,5.3,0.427,18.9,32.1,0.242,,65.6,106.4,0.332,0.282,0.54,51.9,48.7,10.7,11,0.514,15.7,33.8,0.223
Idaho State,29,7,22,0.241,-10.29,0.13,4,12,6,6,1,16,1927,2176,1185,705,1555,0.453,135,389,0.347,382,551,0.693,332,926,324,166,80,382,516,63.3,102.8,0.354,0.25,0.53,49.9,46,8.9,8.2,0.497,17.4,35.9,0.246,,63.3,116.1,0.407,0.391,0.573,50.1,62,10.9,9.3,0.54,14.5,36.2,0.288
Idaho,31,15,16,0.484,-0.19,0.48,6,10,8,6,6,10,2206,2188,1245,791,1703,0.464,194,515,0.377,430,651,0.661,334,1074,459,185,95,432,554,67.9,104.5,0.382,0.302,0.548,50.9,58,8.8,7.9,0.521,17.7,32.4,0.252,,67.9,103.6,0.322,0.324,0.532,49.1,46.3,10.7,8.4,0.501,16.2,31.4,0.225
Illinois-Chicago,30,8,22,0.267,-7.58,0.94,3,15,7,7,1,15,1876,2110,1200,654,1691,0.387,175,578,0.303,393,549,0.716,316,982,315,211,74,383,569,67.4,92.8,0.325,0.342,0.481,45.5,48.2,10.4,7,0.438,16.4,28,0.232,,67.4,104.4,0.408,0.357,0.541,54.5,59.4,8.7,9,0.502,18.2,35.2,0.287
Illinois State,33,22,11,0.667,5.73,1.16,11,7,15,2,6,8,2283,2115,1325,794,1776,0.447,193,590,0.327,502,717,0.7,383,1173,433,240,114,429,556,65.2,105.8,0.404,0.332,0.539,53.1,54.5,11.1,10.4,0.501,16.9,34.4,0.283,,65.2,98,0.314,0.375,0.525,46.9,51.1,9,8.3,0.487,18.1,27.9,0.232
Illinois,36,21,15,0.583,11.58,9.58,10,8,13,5,7,4,2547,2406,1460,957,2127,0.45,219,645,0.34,414,581,0.713,396,1337,570,202,144,443,611,66.9,104.3,0.273,0.303,0.53,51.9,59.6,8.3,11.4,0.501,15.6,32.2,0.195,,66.9,98.5,0.318,0.397,0.499,48.1,55,9,4.1,0.464,15.2,30.2,0.221
Indiana State,32,17,15,0.531,1.11,2.4,9,9,11,3,5,10,2113,2123,1300,708,1681,0.421,221,630,0.351,476,619,0.769,290,1067,335,177,120,401,590,64.1,101.4,0.368,0.375,0.535,48.2,47.3,8.5,10.2,0.487,16.9,27.6,0.283,,64.1,101.9,0.368,0.339,0.506,51.8,51.4,9,7,0.472,14.9,33.1,0.245
Indiana,31,10,21,0.323,0.76,9.37,4,14,8,9,1,8,2053,2215,1250,703,1687,0.417,160,469,0.341,487,705,0.691,396,1090,375,211,107,486,636,67.6,97.1,0.418,0.278,0.508,49.7,53.3,10,9.2,0.464,19.4,35.6,0.289,,67.6,104.8,0.412,0.326,0.535,50.3,57.4,10.4,13.2,0.498,17.4,35.8,0.285
Iona,31,21,10,0.677,2.31,-1.85,12,6,11,3,8,4,2050,1921,1245,700,1667,0.42,227,619,0.367,423,621,0.681,322,1041,421,246,90,420,614,66.5,99,0.373,0.371,0.522,48.3,60.1,11.9,8.4,0.488,17.6,29.7,0.254,,66.5,92.8,0.473,0.317,0.498,51.7,51.4,10.8,13.8,0.451,20.7,32.9,0.317
Iowa State,32,15,17,0.469,9.6,8.37,4,12,11,7,3,7,2250,2174,1260,804,1811,0.444,200,540,0.37,442,673,0.657,378,1193,442,162,155,437,490,69.3,103,0.372,0.298,0.528,51.4,55,7.4,11.9,0.499,17,33.4,0.244,,69.3,99.5,0.266,0.319,0.504,48.6,48.1,10.6,7.5,0.472,15.4,31.4,0.191
Iowa,32,10,22,0.313,2.12,8.09,4,14,9,9,1,10,1937,2112,1285,675,1629,0.414,239,753,0.317,348,503,0.692,317,1023,394,134,64,440,507,62,97.3,0.309,0.462,0.518,50.1,58.4,6.7,5.7,0.488,19.1,30.4,0.214,,62,106.1,0.298,0.338,0.545,49.9,56.4,10.7,12.4,0.517,15.3,29.3,0.212
IPFW,31,16,15,0.516,-9.42,-4.73,9,9,10,4,5,10,2129,2112,1255,747,1790,0.417,221,583,0.379,414,595,0.696,335,1103,376,183,145,398,592,67.9,100,0.332,0.326,0.514,49.3,50.3,8.6,11.6,0.479,16.1,29.3,0.231,,67.9,99.2,0.383,0.278,0.515,50.7,46.9,8.8,11.6,0.467,16.2,29.7,0.283
IUPUI,36,25,11,0.694,1.63,-4.08,15,3,11,3,10,5,2681,2420,1465,953,1891,0.504,204,525,0.389,571,799,0.715,359,1199,538,317,167,513,573,66.3,110.5,0.423,0.278,0.59,51.5,56.5,13.1,12.8,0.558,18.4,33.5,0.302,,66.3,99.7,0.297,0.359,0.522,48.5,56.2,9.5,7.8,0.494,18.4,33,0.203
Jackson State,32,19,13,0.594,-13.21,-10.66,17,1,9,3,9,8,2028,2089,1290,682,1725,0.395,177,540,0.328,487,755,0.645,413,1214,359,190,119,469,659,66.7,94.3,0.438,0.313,0.487,51.7,52.6,8.8,10.4,0.447,18.4,35,0.282,,66.7,97.2,0.471,0.332,0.498,48.3,49.3,10.8,10.4,0.456,16.9,31.3,0.307
Jacksonville State,30,11,19,0.367,-8.18,-4.22,7,11,10,7,1,12,2088,2144,1205,727,1670,0.435,181,497,0.364,453,619,0.732,328,1026,455,202,142,415,560,68.1,101.8,0.371,0.298,0.532,49.1,62.6,9.8,12.1,0.49,17.4,31.8,0.271,,68.1,104.5,0.397,0.304,0.534,50.9,55.9,10.6,7.7,0.498,16.7,33.9,0.272
Jacksonville,33,20,13,0.606,-1.71,-2.3,14,6,8,3,10,10,2304,2228,1320,803,1915,0.419,176,529,0.333,522,739,0.706,480,1230,393,279,137,481,654,69,101.1,0.386,0.276,0.508,52.3,48.9,12.2,11.4,0.465,17.5,38.7,0.273,,69,97.8,0.458,0.31,0.527,47.7,51.9,9.5,7.9,0.484,20.3,32.6,0.315
James Madison,33,13,20,0.394,-4.96,-1.52,4,14,9,5,2,13,2210,2307,1320,796,1810,0.44,189,605,0.312,429,628,0.683,353,1149,462,204,140,477,532,67.8,98.7,0.347,0.334,0.524,49.1,58,9.1,10.1,0.492,18.5,31.7,0.237,,67.8,103.1,0.311,0.299,0.507,50.9,54.8,11.3,7,0.474,14.9,35.1,0.217
Kansas State,37,29,8,0.784,19.88,10.28,11,5,13,3,7,2,2949,2584,1500,981,2182,0.45,253,703,0.36,734,1098,0.668,559,1437,541,274,187,529,828,71.2,110.5,0.503,0.322,0.545,52.9,55.1,10.3,13.2,0.508,16.4,40.4,0.336,,71.2,96.8,0.469,0.302,0.519,47.1,51.6,9.6,8.4,0.47,20,33.9,0.328
Kansas,36,33,3,0.917,24.68,8.25,15,1,18,0,9,2,2937,2312,1450,1033,2111,0.489,262,648,0.404,609,871,0.699,468,1457,609,301,232,470,658,69.4,116.8,0.413,0.307,0.582,54.6,59,12,16,0.551,15.7,38.4,0.288,,69.4,91.9,0.314,0.323,0.47,45.4,55.1,9.3,9.1,0.432,16.9,31.7,0.215
Kennesaw State,33,13,20,0.394,-10.08,-3.69,7,13,8,6,3,12,2182,2314,1330,784,1924,0.407,235,715,0.329,379,557,0.68,450,1166,417,218,121,480,529,66.7,98.5,0.29,0.372,0.498,48.5,53.2,9.8,9.3,0.469,18,36.5,0.197,,66.7,104.4,0.293,0.323,0.527,51.5,58.3,10.9,7.4,0.504,17.7,38.8,0.191
Kent State,34,24,10,0.706,5.28,0.74,13,3,14,2,9,6,2382,2213,1370,839,1942,0.432,189,599,0.316,515,766,0.672,410,1207,437,285,91,407,631,67.1,103.7,0.394,0.308,0.517,50.5,52.1,12.4,7.7,0.481,15,33,0.265,,67.1,96.3,0.373,0.343,0.522,49.5,56.5,8.4,8.7,0.483,19.8,30.4,0.263
Kentucky,38,35,3,0.921,21.13,6.82,14,2,18,0,7,2,3012,2468,1535,1066,2228,0.478,231,697,0.331,649,971,0.668,548,1584,573,279,273,547,641,70,112.1,0.436,0.313,0.56,55.4,53.8,10.4,17.8,0.53,16.9,41,0.291,,70,91.9,0.297,0.338,0.467,44.6,47.8,9.7,7.8,0.431,16.7,32,0.204
La Salle,30,12,18,0.4,-0.28,2.46,4,12,6,7,4,8,2111,2193,1200,756,1718,0.44,164,487,0.337,435,652,0.667,420,1167,415,187,140,471,517,69.1,101.8,0.38,0.283,0.521,53,54.9,9,11.7,0.488,18.8,38.9,0.253,,69.1,105.8,0.335,0.335,0.525,47,59.7,11.8,9.3,0.494,14.4,33.4,0.228
Lafayette,32,19,13,0.594,-7.96,-8.99,8,6,13,3,6,10,2320,2287,1285,775,1710,0.453,258,691,0.373,512,670,0.764,274,991,482,235,91,422,552,67.7,106.7,0.392,0.404,0.572,46.6,62.2,10.8,7.5,0.529,17.2,26.9,0.299,,67.7,105.1,0.287,0.346,0.545,53.4,51.5,8.7,7.3,0.523,18.2,35.3,0.193
Lamar,32,14,18,0.438,-11.11,-4.22,5,11,13,5,1,13,2200,2288,1285,755,1782,0.424,122,453,0.269,568,839,0.677,449,1257,439,202,115,510,609,70,97.9,0.471,0.254,0.504,53.6,58.1,9,8.9,0.458,19,38.1,0.319,,70,101.8,0.361,0.301,0.527,46.4,58.3,11.8,9.4,0.496,16.9,30.8,0.243
Lehigh,33,22,11,0.667,-3.33,-7.79,10,4,15,2,7,8,2478,2331,1330,842,1853,0.454,220,551,0.399,574,799,0.718,339,1201,495,203,85,429,589,70,106.5,0.431,0.297,0.555,50.9,58.8,8.7,6.7,0.514,16.1,29.8,0.31,,70,100.2,0.309,0.349,0.52,49.1,57.3,9.4,8.7,0.487,16.8,29.5,0.219
Liberty,31,15,16,0.484,-13.22,-7.25,10,8,8,6,5,9,2093,2114,1240,727,1656,0.439,171,510,0.335,468,669,0.7,333,1141,383,205,91,483,567,68.6,98.4,0.404,0.308,0.53,51.4,52.7,9.6,8.1,0.491,19.7,31.8,0.283,,68.6,99.3,0.321,0.38,0.508,48.6,61.2,10.7,7.5,0.484,16.7,31.2,0.203
Lipscomb,30,17,13,0.567,-2.07,-3.07,14,6,9,5,8,7,2373,2255,1210,826,1778,0.465,243,667,0.364,478,678,0.705,385,1105,519,201,76,439,520,70.8,110.7,0.381,0.375,0.565,52,62.8,9.4,6.5,0.533,17.3,36,0.269,,70.8,105.2,0.308,0.349,0.549,48,54.1,9.1,9.3,0.533,16.8,31.8,0.194
Long Beach State,33,17,16,0.515,-0.42,1.55,8,8,8,3,6,10,2344,2347,1335,828,1912,0.433,202,613,0.33,486,745,0.652,395,1176,440,256,89,473,591,70.2,100,0.39,0.321,0.517,48.7,53.1,10.9,6.8,0.486,17.3,32.1,0.254,,70.2,100.2,0.324,0.321,0.525,51.3,52,8.4,8.1,0.493,18.5,34.1,0.224
Long Island University,31,14,17,0.452,-11.56,-8.25,11,7,10,3,4,13,2162,2225,1265,721,1802,0.4,230,661,0.348,490,709,0.691,426,1210,335,180,122,438,551,68.2,100.2,0.393,0.367,0.505,51.2,46.5,8.3,9.9,0.464,17,35.3,0.272,,68.2,103.2,0.315,0.335,0.52,48.8,56.1,9.6,12.3,0.493,15.6,32.1,0.21
Longwood,31,12,19,0.387,-14.69,-3.74,0,0,9,3,3,14,2297,2437,1240,859,1963,0.438,217,632,0.343,362,554,0.653,388,1091,524,221,69,475,652,74.6,99.3,0.282,0.322,0.516,47.9,61,9.6,5.2,0.493,17.6,32,0.184,,74.6,105.4,0.459,0.259,0.562,52.1,49.5,9.7,10.2,0.527,18.9,33.9,0.314
Louisiana-Lafayette,30,13,17,0.433,-4.74,-4.74,10,8,10,4,3,12,2043,2025,1200,743,1657,0.448,168,521,0.322,389,572,0.68,311,958,351,207,133,391,610,67,101.7,0.345,0.314,0.53,47.9,47.2,10.3,12.2,0.499,16.9,31.1,0.235,,67,100.8,0.472,0.304,0.528,52.1,47.6,7.1,5.5,0.481,18.8,35.2,0.331
Louisiana-Monroe,31,12,19,0.387,-10.75,-5.3,6,12,8,6,3,12,2108,2224,1240,683,1621,0.421,194,550,0.353,548,757,0.724,370,1039,298,216,91,503,627,68,100,0.467,0.339,0.532,51.3,43.6,10.2,8.2,0.481,20.3,35.9,0.338,,68,105.5,0.406,0.329,0.56,48.7,56.9,10.2,10.1,0.526,18.2,32.8,0.284
Louisiana State,31,11,20,0.355,0.97,5.93,2,14,11,7,0,9,1905,2059,1245,690,1727,0.4,141,491,0.287,384,552,0.696,396,1114,354,189,116,397,547,64,95.7,0.32,0.284,0.479,50.7,51.3,9.5,10.7,0.44,16.6,35.4,0.222,,64,103.4,0.368,0.351,0.522,49.3,45.6,10.8,10.2,0.491,16.3,33.5,0.245
Louisiana Tech,35,24,11,0.686,2.89,-0.4,9,7,12,2,9,8,2557,2442,1410,917,2034,0.451,202,598,0.338,521,760,0.686,441,1294,417,235,116,462,562,68.6,105.8,0.374,0.294,0.534,51.7,45.5,9.7,8.3,0.5,16.2,35.2,0.256,,68.6,101,0.284,0.322,0.522,48.3,49.1,9.6,7,0.493,16.9,31.8,0.197
Louisville,33,20,13,0.606,14.08,7.99,11,7,15,4,4,7,2505,2304,1335,876,1960,0.447,262,777,0.337,491,700,0.701,478,1217,511,258,135,453,663,67.9,110.6,0.357,0.396,0.546,51.3,58.3,11.4,10.9,0.514,16.5,39.8,0.251,,67.9,101.7,0.41,0.322,0.526,48.7,56.5,9.6,5.9,0.485,18.7,36.9,0.288
Loyola (IL),30,14,16,0.467,-4.85,0.56,5,13,9,6,5,10,1945,2017,1205,673,1598,0.421,194,537,0.361,405,589,0.688,364,1072,393,149,98,415,523,64.1,100.7,0.369,0.336,0.518,51.9,58.4,7.7,9,0.482,18.1,35.4,0.253,,64.1,104.4,0.312,0.348,0.524,48.1,57,10.3,8.9,0.492,15.1,31.8,0.22
Loyola Marymount,34,18,16,0.529,-1.47,1.32,7,7,9,6,6,8,2578,2581,1370,910,1998,0.455,201,534,0.376,557,807,0.69,418,1210,472,255,141,441,655,70.4,107,0.404,0.267,0.541,49.6,51.9,10.6,10.1,0.506,15.6,34.3,0.279,,70.4,107.1,0.408,0.297,0.542,50.4,52.5,8.9,8,0.498,16.4,35.2,0.298
Loyola (MD),30,13,17,0.433,-5.23,-4.09,6,12,6,7,7,9,1949,1983,1205,673,1601,0.42,164,459,0.357,439,628,0.699,353,1053,343,193,132,450,606,66.3,97.6,0.392,0.287,0.513,50,51,9.7,11.2,0.472,19.2,34.7,0.274,,66.3,99.3,0.458,0.28,0.498,50,51,10.7,10.2,0.444,16.5,35.6,0.326
Maine,30,19,11,0.633,-6.53,-6.26,11,5,9,3,10,7,1931,1864,1205,650,1596,0.407,196,582,0.337,435,634,0.686,337,1089,397,219,97,431,471,66.2,96.8,0.397,0.365,0.509,50.5,61.1,11,9.1,0.469,18.5,31.9,0.273,,66.2,93.4,0.293,0.366,0.486,49.5,58.3,10,11.2,0.454,18.4,31.6,0.201
Manhattan,31,11,20,0.355,-4.68,-2.97,4,14,6,8,4,12,2031,2084,1246,727,1797,0.405,133,433,0.307,444,649,0.684,364,1089,307,240,114,361,603,67.6,96.4,0.361,0.241,0.482,47.7,42.2,11.4,10,0.442,14.6,30.8,0.247,,67.6,98.9,0.417,0.331,0.512,52.3,54.9,7.5,8.7,0.468,18.2,34.2,0.291
Marist,30,1,29,0.033,-17.21,-2.85,1,17,1,12,0,16,1684,2115,1205,600,1546,0.388,204,581,0.351,280,439,0.638,268,904,296,156,38,424,553,63.7,87.7,0.284,0.376,0.48,45.2,49.3,8.1,3.7,0.454,19.5,26.1,0.181,,63.7,110.2,0.375,0.357,0.554,54.8,52,11.8,12.8,0.522,15.8,34.6,0.262
Marquette,34,22,12,0.647,15.17,8.23,11,7,13,4,6,5,2485,2198,1380,861,1890,0.456,274,664,0.413,489,660,0.741,343,1071,516,269,72,353,580,64.4,111.9,0.349,0.351,0.564,49,59.9,12.1,5.5,0.528,13.8,31.2,0.259,,64.4,99,0.294,0.289,0.524,51,56.4,8.6,10.3,0.497,18.9,33,0.2
Marshall,34,24,10,0.706,7.8,1.57,11,5,15,4,8,5,2717,2347,1375,949,1985,0.478,222,591,0.376,597,873,0.684,412,1327,549,216,268,432,613,70.6,112,0.44,0.298,0.566,51.7,57.9,8.9,17.9,0.534,15.3,34.6,0.301,,70.6,96.7,0.339,0.285,0.482,48.3,49.1,8.8,6.5,0.441,15.8,33.4,0.238
Maryland-Baltimore County,30,4,26,0.133,-16.92,-6.19,3,13,0,13,4,12,1893,2215,1210,684,1656,0.413,150,464,0.323,375,544,0.689,251,918,332,179,90,341,564,66.5,94.1,0.329,0.28,0.494,43.2,48.5,8.9,8.1,0.458,15.1,23.8,0.226,,66.5,110.1,0.398,0.349,0.544,56.8,55.3,8.2,12,0.506,15.8,37.5,0.28
Maryland-Eastern Shore,32,11,21,0.344,-16.18,-7.38,8,8,6,6,4,12,1945,2216,1285,691,1722,0.401,161,528,0.305,402,624,0.644,398,1159,359,173,67,486,595,66,91.8,0.362,0.307,0.482,50.3,52,8.2,5.6,0.448,19.4,34.2,0.233,,66,104.6,0.366,0.335,0.521,49.7,53.2,9.6,7.9,0.493,15.4,33.2,0.239
Maryland,33,24,9,0.727,17.75,7.95,13,3,15,1,7,3,2629,2254,1335,966,2052,0.471,195,510,0.382,502,689,0.729,421,1270,545,256,154,383,554,70.2,112.2,0.336,0.249,0.552,50.4,56.4,10.9,11,0.518,13.9,35.6,0.245,,70.2,96.2,0.293,0.317,0.482,49.6,47.5,7.9,7.5,0.448,17.6,36.6,0.203
Massachusetts,32,12,20,0.375,-1.76,3.4,5,11,7,6,3,11,2262,2396,1290,795,1976,0.402,227,754,0.301,445,670,0.664,468,1287,380,176,124,446,652,70.3,99.7,0.339,0.382,0.493,51.8,47.8,7.8,9.5,0.46,16.3,36.9,0.225,,70.3,105.6,0.377,0.319,0.529,48.2,60.9,9.6,12.2,0.498,14.9,32.6,0.252
McNeese State,30,10,20,0.333,-11.82,-4.34,5,11,7,5,3,13,2032,2106,1200,755,1743,0.433,183,525,0.349,339,528,0.642,407,1048,356,221,108,430,607,66.8,101.4,0.303,0.301,0.51,50.5,47.2,11,10.7,0.486,17.7,37.7,0.194,,66.8,105.1,0.515,0.344,0.549,49.5,55.5,11,8.5,0.5,18.2,35.6,0.364
Memphis,34,24,10,0.706,11.74,3.65,13,3,17,3,6,4,2565,2233,1360,854,1859,0.459,284,732,0.388,573,826,0.694,358,1103,468,276,182,390,643,67.1,112.5,0.444,0.394,0.57,48.3,54.8,12.1,13.8,0.536,14.8,32.1,0.308,,67.1,97.9,0.412,0.279,0.51,51.7,52.5,7.5,10.5,0.465,18.9,36.3,0.289
Mercer,33,16,17,0.485,-5.05,-1.2,10,10,10,6,4,11,2514,2478,1325,836,1866,0.448,274,785,0.349,568,808,0.703,402,1227,446,199,85,488,617,70.7,107.3,0.433,0.421,0.559,51.6,53.3,8.5,6.2,0.521,17.8,35.1,0.304,,70.7,105.8,0.354,0.32,0.529,48.4,49.5,10.2,10.7,0.495,15,32.9,0.246
Miami (FL),33,20,13,0.606,11.35,7.01,4,12,12,4,2,8,2390,2136,1320,843,1820,0.463,245,670,0.366,459,677,0.678,385,1186,461,229,146,464,573,66.9,108.2,0.372,0.368,0.558,52.3,54.7,10.4,12.4,0.53,17.8,35.1,0.252,,66.9,96.7,0.356,0.35,0.504,47.7,56.6,10.8,9.1,0.464,17.4,31.7,0.249
Miami (OH),32,14,18,0.438,0.56,1.43,9,7,10,3,2,13,1996,2024,1295,682,1568,0.435,205,590,0.347,427,587,0.727,278,1017,333,159,120,411,582,61,101,0.374,0.376,0.54,49.1,48.8,8,10.3,0.5,18.2,28.3,0.272,,61,102.4,0.367,0.314,0.51,50.9,54.7,11,11.2,0.472,14.5,32.2,0.253
Michigan State,37,28,9,0.757,15.33,8.17,14,4,15,2,8,4,2658,2361,1485,974,2068,0.471,187,543,0.344,523,764,0.685,487,1426,606,242,123,514,666,65.9,108.7,0.369,0.263,0.547,56.3,62.2,9.9,9.5,0.516,17.5,39.8,0.253,,65.9,96.5,0.314,0.37,0.503,43.7,55.7,9.9,6.2,0.466,16.4,28.4,0.223
Michigan,32,15,17,0.469,10.04,9.37,7,11,10,6,3,8,2059,1970,1290,732,1758,0.416,227,760,0.299,368,509,0.723,320,990,456,223,68,326,468,62.2,102.7,0.29,0.432,0.515,47.1,62.3,11.1,5.9,0.481,14,29.5,0.209,,62.2,98.3,0.252,0.326,0.518,52.9,57.2,8.2,9.7,0.495,19.2,34.2,0.17
Middle Tennessee,33,19,14,0.576,-1.99,-3.33,13,5,12,4,7,8,2282,2135,1320,792,1780,0.445,201,530,0.379,497,675,0.736,336,1097,365,199,82,436,696,66.5,104,0.379,0.298,0.543,51.5,46.1,9.1,7.7,0.501,17.2,30.7,0.279,,66.5,97.3,0.5,0.336,0.541,48.5,50.4,8.2,7.9,0.501,19.9,26.5,0.337
Milwaukee,34,20,14,0.588,1.23,0.52,10,8,10,4,7,8,2370,2314,1370,789,1834,0.43,250,747,0.335,542,791,0.685,379,1241,423,190,79,465,629,66.8,103.6,0.431,0.407,0.536,52.5,53.6,8.3,6.3,0.498,17.4,31.9,0.296,,66.8,101.1,0.331,0.338,0.527,47.5,49.3,9.7,7.5,0.493,15.2,26.6,0.232
Minnesota,35,21,14,0.6,15.64,7.32,9,9,14,3,4,7,2533,2242,1415,912,1949,0.468,246,617,0.399,463,661,0.7,383,1237,583,273,199,441,579,65.8,108.9,0.339,0.317,0.56,51.2,63.9,11.7,16.4,0.531,16.3,33.4,0.238,,65.8,96.3,0.328,0.377,0.498,48.8,58.9,9.9,6.9,0.465,18.1,32.6,0.223
Mississippi State,36,24,12,0.667,12.55,4.6,9,7,13,4,5,6,2622,2336,1455,897,2065,0.434,329,918,0.358,499,728,0.685,395,1406,462,209,271,457,508,67.8,106.3,0.353,0.445,0.544,51.3,51.5,8.5,17.8,0.514,15.9,30.8,0.242,,67.8,94.7,0.248,0.318,0.468,48.7,48.2,9.7,9.6,0.44,14.1,30.7,0.165
Mississippi Valley State,32,9,23,0.281,-19.69,-9.88,8,10,6,3,3,15,2057,2315,1290,723,1766,0.409,203,633,0.321,408,642,0.636,365,1116,390,251,82,552,666,69.9,91.3,0.364,0.358,0.497,48.7,53.9,11.1,7.1,0.467,21,31.1,0.231,,69.9,102.8,0.414,0.354,0.544,51.3,57.6,11,9.6,0.514,18.7,33,0.274
Mississippi,35,24,11,0.686,13.46,5.77,9,7,15,4,6,4,2743,2474,1420,986,2185,0.451,286,796,0.359,485,731,0.663,460,1377,486,259,184,423,660,70.3,109.9,0.335,0.364,0.542,51.1,49.3,10.4,13.1,0.517,14.3,34.7,0.222,,70.3,99.1,0.382,0.327,0.503,48.9,56.5,8.2,9.6,0.464,16.7,33.1,0.261
Missouri-Kansas City,30,12,18,0.4,-13.88,-4.75,6,12,7,7,5,10,2002,2106,1200,685,1629,0.421,174,515,0.338,458,654,0.7,307,931,345,179,51,383,624,67.1,99.5,0.401,0.316,0.516,48.6,50.4,8.9,4.9,0.474,16.5,29.6,0.281,,67.1,104.7,0.488,0.293,0.575,51.4,52.3,8.7,11.7,0.533,19.1,28.9,0.351
Missouri State,36,24,12,0.667,7.57,1.4,8,10,19,2,4,9,2572,2350,1455,895,1993,0.449,252,688,0.366,530,724,0.732,398,1247,505,209,110,407,667,64.5,109.6,0.363,0.345,0.55,52.6,56.4,8.9,8.6,0.512,14.8,33.4,0.266,,64.5,100.2,0.368,0.32,0.532,47.4,50.1,9.1,9.7,0.493,17.4,27.9,0.262
Missouri,34,23,11,0.676,17.39,6.36,10,6,16,2,4,6,2627,2252,1370,926,2104,0.44,258,701,0.368,517,714,0.724,441,1200,522,371,160,432,656,71,108,0.339,0.333,0.538,48,56.4,15.3,12.3,0.501,15,34.7,0.246,,71,92.6,0.389,0.309,0.503,52,49.3,8.4,7.5,0.459,22.7,38.1,0.274
Monmouth,31,12,19,0.387,-11.2,-7.82,8,10,8,6,4,11,1976,2065,1240,682,1689,0.404,196,630,0.311,416,607,0.685,341,1038,405,226,69,447,565,66.9,95.2,0.359,0.373,0.5,48.3,59.4,10.9,6.6,0.462,18.4,30.3,0.246,,66.9,99.5,0.395,0.359,0.534,51.7,60.5,11.4,11.6,0.502,19.3,32.1,0.265
Montana State,29,15,14,0.517,-3.18,-2.45,10,6,9,5,6,9,1992,1962,1200,689,1548,0.445,212,585,0.362,402,584,0.688,266,912,365,180,89,331,516,63,105.5,0.377,0.378,0.546,47,53,9.5,8.7,0.514,15.3,27.8,0.26,,63,103.9,0.373,0.347,0.533,53,51,8.5,9.2,0.49,17.2,34.3,0.275
Montana,32,22,10,0.688,3.93,-2.35,10,6,14,2,7,7,2228,1960,1280,791,1636,0.483,210,526,0.399,436,603,0.723,283,1048,396,206,106,390,571,63.4,109.8,0.369,0.322,0.579,52.2,50.1,10.2,9.2,0.548,16.9,30.6,0.267,,63.4,96.6,0.368,0.304,0.504,47.8,46.2,8.9,7.4,0.472,17.2,29.4,0.241
Morehead State,35,24,11,0.686,3.51,-3.07,15,3,15,2,7,7,2505,2216,1410,880,1963,0.448,258,672,0.384,487,710,0.686,491,1301,502,314,118,521,691,66.2,107.4,0.362,0.342,0.545,55.8,57,13.5,10.8,0.514,18.5,40.4,0.248,,66.2,95,0.452,0.359,0.533,44.2,59.3,10.5,9.4,0.494,21.2,27.3,0.307
Morgan State,37,27,10,0.73,-1.18,-6.15,15,1,11,1,12,7,2813,2606,1500,960,2239,0.429,205,617,0.332,688,983,0.7,568,1488,461,243,152,499,782,70,107.2,0.439,0.276,0.52,52.4,48,9.3,9.6,0.475,15.6,39.7,0.307,,70,99.3,0.432,0.259,0.507,47.6,47.7,8.3,9.5,0.465,17.1,34.7,0.291
Mount St. Mary's,31,16,15,0.516,-4.38,-6.28,12,6,10,3,6,12,2045,1959,1250,714,1692,0.422,183,523,0.35,434,681,0.637,341,1082,352,235,143,415,543,67.1,97.5,0.402,0.309,0.507,48.5,49.3,11.2,11.3,0.476,17.1,30.8,0.257,,67.1,93.4,0.317,0.278,0.487,51.5,50.6,8.8,7.5,0.451,19.2,34.3,0.217
Murray State,36,31,5,0.861,8.69,-3.89,17,1,15,0,11,4,2753,2175,1440,978,1961,0.499,226,599,0.377,571,821,0.695,439,1319,556,347,196,527,618,68,112.4,0.419,0.305,0.586,54.7,56.9,14.2,14.2,0.556,18.3,39.7,0.291,,68,88.8,0.336,0.298,0.477,45.3,52.6,9.6,7.2,0.436,20.9,32.5,0.233
Navy,30,13,17,0.433,-12.01,-7.91,7,7,10,4,3,12,2138,2261,1215,709,1736,0.408,246,704,0.349,474,665,0.713,311,993,394,209,83,443,650,72,97.8,0.383,0.406,0.521,45.6,55.6,9.6,7.2,0.479,17.8,27.5,0.273,,72,103.4,0.457,0.318,0.548,54.4,59.4,8.5,10.2,0.506,19.4,35.1,0.322
Nebraska,33,15,18,0.455,6.6,6.66,2,14,12,6,1,10,2194,2169,1330,768,1745,0.44,217,547,0.397,441,654,0.674,320,1069,471,223,94,416,626,64.9,101.7,0.375,0.313,0.534,49.7,61.3,10.3,8.9,0.502,16.8,29.5,0.253,,64.9,100.5,0.416,0.372,0.538,50.3,54.3,8.7,10.2,0.5,18.7,29.5,0.289
Nevada-Las Vegas,34,25,9,0.735,12.57,4.82,11,5,15,4,9,3,2485,2168,1370,899,1950,0.461,231,695,0.332,456,637,0.716,337,1149,551,266,117,395,691,67.4,107.7,0.327,0.356,0.552,49.5,61.3,11.5,10.2,0.52,14.9,29.3,0.234,,67.4,93.9,0.476,0.342,0.509,50.5,50.8,7.1,7.3,0.455,20.1,30.7,0.337
Nevada,34,21,13,0.618,6.5,2.56,11,5,15,1,5,10,2703,2551,1370,983,2040,0.482,222,613,0.362,515,704,0.732,374,1263,480,173,149,405,591,70.4,112.2,0.345,0.3,0.569,51.3,48.8,7.2,9.6,0.536,14.6,32.2,0.252,,70.4,105.9,0.315,0.275,0.52,48.7,54.7,8.3,6.2,0.486,13.4,31.8,0.225
New Hampshire,30,13,17,0.433,-9.54,-6.29,6,10,9,4,3,12,1825,1873,1210,611,1628,0.375,182,613,0.297,421,653,0.645,383,1084,312,142,70,395,601,64.7,93.3,0.401,0.377,0.471,50.6,51.1,7.3,6.3,0.431,16.9,33.4,0.259,,64.7,95.7,0.428,0.28,0.506,49.4,46,8.6,10,0.459,18,29.6,0.3
New Mexico State,34,22,12,0.647,2.06,1.66,11,5,12,3,7,8,2662,2639,1360,919,1997,0.46,287,774,0.371,537,767,0.7,358,1212,484,203,111,437,595,72.1,108.6,0.384,0.388,0.564,48.6,52.7,8.3,8,0.532,15.6,29.9,0.269,,72.1,107.7,0.32,0.346,0.539,51.4,57.8,7.8,7.1,0.51,15.6,34.1,0.22
New Mexico,35,30,5,0.857,12.49,3.84,14,2,17,1,10,2,2655,2352,1410,887,2023,0.438,273,739,0.369,608,909,0.669,459,1347,497,232,120,387,615,67.6,111.4,0.449,0.365,0.541,53.6,56,9.7,10.4,0.506,13.6,35.5,0.301,,67.6,98.7,0.35,0.398,0.525,46.4,56.7,8.2,7.6,0.495,17.5,27.2,0.235
New Orleans,30,8,22,0.267,-13.5,-4.5,3,15,6,7,2,11,1778,1986,1205,593,1471,0.403,168,497,0.338,424,618,0.686,279,951,321,189,61,478,607,65.4,90.3,0.42,0.338,0.504,49.2,54.1,9.6,5.8,0.46,21.3,28.4,0.288,,65.4,100.9,0.429,0.316,0.541,50.8,57.2,10.5,9.9,0.504,18.5,29.3,0.294
Niagara,33,18,15,0.545,0.32,-2.5,9,9,8,3,6,8,2382,2289,1340,812,1990,0.408,254,791,0.321,504,743,0.678,429,1226,440,270,148,406,620,69.2,102.7,0.373,0.397,0.508,48,54.2,11.6,10.6,0.472,14.8,33.2,0.253,,69.2,98.7,0.333,0.298,0.498,52,49.4,8.6,9.6,0.464,17.5,36.8,0.226
Nicholls State,30,11,19,0.367,-10.99,-2.61,7,9,9,2,2,12,1967,2114,1215,667,1530,0.436,202,609,0.332,431,624,0.691,266,815,404,258,31,398,640,64.7,100.1,0.408,0.398,0.538,46.2,60.6,13.1,3.3,0.502,17.9,27.8,0.282,,64.7,107.5,0.546,0.316,0.609,53.8,52.3,9.3,8,0.581,22.2,31.9,0.372
NJIT,31,10,21,0.323,-19.59,-8.24,4,8,8,5,1,15,1905,2070,1240,665,1757,0.378,196,624,0.314,379,584,0.649,344,1064,376,229,96,461,615,69.1,88.9,0.332,0.355,0.468,47.6,56.5,10.7,8.7,0.434,18.5,29.1,0.216,,69.1,96.6,0.424,0.331,0.524,52.4,55,10.9,12.4,0.476,20,31.8,0.307
Norfolk State,30,11,19,0.367,-11.89,-6.42,9,7,6,4,5,11,2119,2260,1220,778,1692,0.46,128,436,0.294,435,684,0.636,349,1119,342,251,96,542,681,72.6,95.7,0.404,0.258,0.525,50.1,44,11.3,8,0.498,21.2,33.5,0.257,,72.6,102.1,0.472,0.329,0.516,49.9,52.9,10.1,9,0.479,17,35.2,0.306
North Carolina-Asheville,31,15,16,0.484,-14.36,-6.47,11,7,11,5,4,10,2296,2401,1255,822,1852,0.444,169,557,0.303,483,717,0.674,405,1229,507,232,177,521,603,73.9,99,0.387,0.301,0.524,50.8,61.7,10,13.1,0.489,19.2,34.9,0.261,,73.9,103.5,0.343,0.322,0.518,49.2,58.9,11.5,10.5,0.487,16.1,34.4,0.231
North Carolina A&T,33,11,22,0.333,-12.02,-5.66,6,10,7,6,3,15,2241,2376,1325,774,1931,0.401,265,863,0.307,428,686,0.624,403,1224,410,219,164,501,570,71.1,95.2,0.355,0.447,0.496,47.7,53,9.3,13.2,0.469,18.2,30.9,0.222,,71.1,100.9,0.332,0.373,0.517,52.3,54.4,10.5,10.5,0.48,17.8,35.1,0.238
North Carolina-Greensboro,31,8,23,0.258,-8.24,0.63,6,12,4,11,3,11,1966,2226,1240,696,1803,0.386,148,515,0.287,426,610,0.698,440,1120,286,186,97,444,593,67.7,93.7,0.338,0.286,0.47,50.7,41.1,8.9,8.9,0.427,17.5,36.9,0.236,,67.7,106.1,0.37,0.364,0.555,49.3,53.5,11.5,11.6,0.528,17.7,33.3,0.248
North Carolina State,36,20,16,0.556,8.47,7.3,5,11,10,7,5,8,2398,2322,1445,857,1975,0.434,193,580,0.333,491,723,0.679,411,1257,483,234,154,472,653,65.7,101.1,0.366,0.294,0.517,49.6,56.4,9.9,10.5,0.483,16.9,33,0.249,,65.7,97.9,0.366,0.263,0.497,50.4,48.8,11,9.6,0.463,16.9,34.4,0.24
North Carolina-Wilmington,31,9,22,0.29,-4.35,0.94,5,13,4,9,4,10,2051,2215,1240,722,1741,0.415,207,620,0.334,400,620,0.645,391,1135,393,159,151,492,633,68.9,96.1,0.356,0.356,0.504,49.1,54.4,7.4,11.1,0.474,19.5,34.1,0.23,,68.9,103.7,0.417,0.25,0.511,50.9,45.4,12.2,11.9,0.473,15.2,36.1,0.278
North Carolina,37,20,17,0.541,10.14,9.83,5,11,14,5,4,8,2758,2661,1491,1012,2292,0.442,176,536,0.328,558,854,0.653,556,1552,577,250,210,562,564,72.4,102.2,0.373,0.234,0.511,53.4,57,9.3,13.5,0.48,17.2,39,0.243,,72.4,98.6,0.245,0.347,0.499,46.6,54.1,11.8,9.5,0.471,16,32.7,0.171
North Dakota State,29,11,18,0.379,-8.53,-5.76,8,10,6,8,5,9,2047,2087,1185,734,1707,0.43,144,423,0.34,435,597,0.729,320,1073,410,151,94,382,553,69.2,99.9,0.35,0.248,0.514,51,55.9,7.4,7.7,0.472,16.1,30.7,0.255,,69.2,101.8,0.375,0.282,0.522,49,48.4,9.2,11.8,0.481,15.1,29,0.268
North Florida,31,13,18,0.419,-9.53,-2.11,8,12,5,7,5,10,1830,2019,1245,637,1530,0.416,177,517,0.342,379,602,0.63,300,978,375,184,96,481,624,64.3,91.4,0.393,0.338,0.504,46.7,58.9,9.2,8.3,0.474,20.9,29.2,0.248,,64.3,100.8,0.429,0.288,0.514,53.3,52.5,11.8,10.5,0.473,17.9,36.3,0.29
North Texas,33,24,9,0.727,-2.49,-4.72,13,5,12,2,9,6,2437,2303,1340,798,1748,0.457,179,538,0.333,662,921,0.719,364,1220,394,144,94,485,590,68.8,105.7,0.527,0.308,0.558,52.7,49.4,6.2,6.6,0.508,18.2,33.3,0.379,,68.8,99.9,0.321,0.267,0.512,47.3,44.1,10.3,11,0.476,15.7,30,0.226
Northeastern,33,20,13,0.606,6.48,2.21,14,4,9,4,8,6,2124,1983,1335,763,1699,0.449,174,510,0.341,424,589,0.72,312,1008,389,236,118,386,520,61.4,103.6,0.347,0.3,0.537,47.7,51,11.5,9.5,0.5,16.3,30.7,0.25,,61.4,96.7,0.289,0.289,0.498,52.3,50.2,9.5,8.6,0.462,18.8,36.7,0.21
Northern Arizona,28,14,14,0.5,-7.54,-2.35,8,8,8,4,6,10,1965,2003,1145,704,1494,0.471,171,464,0.369,386,573,0.674,257,944,454,190,95,430,550,67.7,101.4,0.384,0.311,0.556,50.7,64.5,9.8,9,0.528,19.6,28.8,0.258,,67.7,103.4,0.384,0.322,0.542,49.3,53.7,10.9,7.9,0.511,16.6,29.1,0.258
Northern Colorado,33,25,8,0.758,2.06,-4.26,12,4,13,2,9,4,2426,2202,1325,780,1751,0.445,252,651,0.387,614,824,0.745,331,1096,383,239,78,416,658,67.5,108.5,0.471,0.372,0.566,50.6,49.1,10.7,7,0.517,16.3,30.6,0.351,,67.5,98.5,0.408,0.355,0.537,49.4,49.7,8.5,9.5,0.497,20.2,29.6,0.289
Northern Illinois,30,10,20,0.333,-7.64,-2.05,6,10,7,7,3,13,2017,2158,1211,698,1739,0.401,176,587,0.3,445,689,0.646,425,1150,399,198,105,459,650,69.2,96.2,0.396,0.338,0.488,51.5,57.2,9.4,9.4,0.452,18.2,35.9,0.256,,69.2,103,0.469,0.319,0.537,48.5,51.3,10.3,8.8,0.497,16.8,30.8,0.32
Northern Iowa,35,30,5,0.857,12.03,4.27,15,3,14,0,9,3,2216,1929,1400,747,1741,0.429,233,659,0.354,489,645,0.758,333,1130,367,198,70,372,556,59.4,106.6,0.37,0.379,0.541,52,49.1,9.5,6.4,0.496,15.4,30.7,0.281,,59.4,92.8,0.288,0.36,0.498,48,45.2,7.8,6.4,0.466,18,26.8,0.199
Northwestern State,29,10,19,0.345,-14.98,-4.7,5,11,7,7,3,12,2186,2333,1175,747,1720,0.434,182,524,0.347,510,838,0.609,384,1093,363,229,143,487,678,75.4,98.7,0.487,0.305,0.516,47.6,48.6,10.3,11.8,0.487,18.7,33,0.297,,75.4,105.3,0.488,0.308,0.541,52.4,54.5,11.5,7.4,0.499,18.2,37.4,0.335
Northwestern,34,20,14,0.588,8.32,4.99,7,11,15,4,2,10,2351,2238,1375,789,1820,0.434,317,887,0.357,456,639,0.714,350,1091,565,221,133,374,651,62.8,108.8,0.351,0.487,0.554,48.3,71.6,10.2,12.2,0.521,15,30.8,0.251,,62.8,103.6,0.417,0.384,0.529,51.7,66.5,8.9,12.2,0.483,17.2,34.1,0.301
Notre Dame,35,23,12,0.657,13.14,6.22,10,8,17,3,3,6,2635,2393,1415,918,1953,0.47,261,673,0.388,538,744,0.723,402,1250,585,194,104,362,530,64,116.4,0.381,0.345,0.571,52.6,63.7,8.6,7.8,0.537,13.6,34.7,0.275,,64,105.7,0.278,0.333,0.526,47.4,55.8,9.2,9.1,0.493,13.7,30.5,0.206
Oakland,35,26,9,0.743,-0.64,-2.96,17,1,13,1,10,7,2676,2504,1400,920,2053,0.448,206,640,0.322,630,876,0.719,477,1344,461,236,169,485,632,70.5,108.4,0.427,0.312,0.542,53.4,50.1,9.6,11.2,0.498,16.4,37.6,0.307,,70.5,101.5,0.32,0.269,0.526,46.6,48.2,9.8,8.3,0.499,16.2,30.5,0.215
Ohio State,37,29,8,0.784,19.49,7.37,14,4,17,1,6,5,2740,2274,1490,983,1999,0.492,276,708,0.39,498,716,0.696,337,1234,545,262,157,423,565,65.1,113,0.358,0.354,0.586,51.2,55.4,10.8,12.2,0.561,15.3,29.6,0.249,,65.1,93.8,0.264,0.361,0.501,48.8,55.8,8.2,5.8,0.471,18.9,29.4,0.187
Ohio,37,22,15,0.595,4.56,-0.03,7,9,13,4,5,9,2763,2569,1510,925,2153,0.43,278,759,0.366,635,883,0.719,443,1371,524,278,97,473,696,69.2,105.7,0.41,0.353,0.537,49.5,56.6,10.6,6.7,0.494,15.5,32.4,0.295,,69.2,98.3,0.354,0.328,0.508,50.5,56.9,8.2,9.3,0.469,18.3,33.7,0.248
Oklahoma State,33,22,11,0.667,12.34,6.97,9,7,15,1,3,7,2437,2243,1325,839,1861,0.451,274,784,0.349,485,679,0.714,327,1169,413,214,84,418,664,68.6,107.2,0.365,0.421,0.558,51,49.2,9.4,7,0.524,16.1,29.1,0.261,,68.6,98.6,0.372,0.342,0.519,49,49.4,8.3,9,0.481,16.9,27.9,0.259
Oklahoma,31,13,18,0.419,6.24,7.79,4,12,11,4,1,10,2235,2283,1250,766,1782,0.43,252,721,0.35,451,606,0.744,324,1066,391,180,84,382,505,67.9,105.3,0.34,0.405,0.54,49.2,51,8.5,6.9,0.501,15.6,29.5,0.253,,67.9,107.5,0.298,0.333,0.551,50.8,52.2,9.6,10.8,0.521,15.2,30.5,0.215
Old Dominion,36,27,9,0.75,11.39,1.78,15,3,15,0,9,6,2415,2069,1445,922,2061,0.447,166,523,0.317,405,625,0.648,540,1394,554,282,105,457,560,62.9,106.2,0.303,0.254,0.512,55.8,60.1,12.4,8.6,0.488,16.2,42.4,0.197,,62.9,91,0.297,0.35,0.486,44.2,53.5,10.2,8.4,0.455,19.3,30.2,0.198
Oral Roberts,33,20,13,0.606,-0.88,-3.85,13,5,10,3,8,8,2313,2182,1335,826,1865,0.443,153,484,0.316,508,745,0.682,406,1272,396,205,149,450,595,67.6,102.5,0.399,0.26,0.521,53.6,47.9,9.1,10.9,0.484,16.9,34.9,0.272,,67.6,96.7,0.309,0.283,0.5,46.4,50.9,9.3,8.1,0.472,16.1,28.5,0.203
Oregon State,32,14,18,0.438,3.76,5.79,8,10,9,7,4,9,1929,1989,1280,670,1556,0.431,140,475,0.295,449,665,0.675,320,1019,365,261,63,479,528,63.6,94.8,0.427,0.305,0.515,50.4,54.5,12.8,6.1,0.476,20.4,31.9,0.289,,63.6,97.8,0.339,0.367,0.523,49.6,53.7,10.8,8,0.489,19.4,31.5,0.237
Oregon,32,16,16,0.5,4,5.96,7,11,11,8,4,7,2237,2247,1300,803,1869,0.43,185,545,0.339,446,624,0.715,395,1094,355,220,94,408,606,67,102.7,0.334,0.292,0.517,51,44.2,10.1,8.7,0.479,15.9,35.4,0.239,,67,103.1,0.398,0.374,0.549,49,55,8.6,6.6,0.515,18.5,32.1,0.277
Pacific,35,23,12,0.657,2.9,-1.19,12,4,11,4,12,7,2297,2133,1410,820,1862,0.44,226,657,0.344,431,662,0.651,381,1215,435,192,87,393,605,62,105.1,0.356,0.353,0.528,51.9,53,8.8,7.3,0.501,15.3,32.6,0.231,,62,97.6,0.379,0.333,0.503,48.1,49.9,9.3,8.2,0.466,16,29,0.255
Penn State,31,11,20,0.355,6.58,6.32,3,15,7,9,3,8,2013,2005,1245,711,1632,0.436,208,607,0.343,383,542,0.707,300,1055,410,143,54,360,503,62.5,103.5,0.332,0.372,0.533,52.4,57.7,7.4,5.3,0.499,16,30,0.235,,62.5,103.1,0.291,0.383,0.532,47.6,57.6,9.3,10.2,0.505,14.3,25.5,0.201
Pennsylvania,28,6,22,0.214,-13.31,-3.31,5,9,3,10,3,12,1751,2031,1130,596,1440,0.414,183,577,0.317,376,502,0.749,263,853,376,147,54,420,535,64.9,95.5,0.349,0.401,0.522,48.2,63.1,8,5.6,0.477,20,29.1,0.261,,64.9,110.8,0.392,0.35,0.578,51.8,56.7,10.9,10.7,0.544,16.6,31.9,0.284
Pepperdine,31,7,24,0.226,-8.44,0.94,3,11,5,11,0,12,2044,2316,1255,693,1760,0.394,194,569,0.341,464,659,0.704,394,1122,342,152,75,423,599,66.8,97.6,0.374,0.323,0.493,50.3,49.4,7.3,7.2,0.449,16.9,33.6,0.264,,66.8,110.5,0.421,0.392,0.56,49.7,56.8,9.5,10.2,0.528,14.5,31.3,0.289
Pittsburgh,34,25,9,0.735,14.3,7.39,13,5,17,1,5,4,2336,2101,1390,809,1811,0.447,181,526,0.344,537,775,0.693,418,1269,536,177,139,421,594,62.6,107.4,0.428,0.29,0.536,53.6,66.3,8.1,10.4,0.497,16.2,36.9,0.297,,62.6,96.6,0.338,0.291,0.481,46.4,50.3,8.6,10.4,0.446,14.4,31.1,0.224
Portland State,32,13,19,0.406,-3.49,-1.21,7,9,8,4,5,12,2496,2536,1295,888,1862,0.477,258,690,0.374,462,644,0.717,356,1019,424,201,127,431,596,69.1,111.6,0.346,0.371,0.576,47.9,47.7,9,9.8,0.546,16.6,33.1,0.248,,69.1,113.4,0.361,0.306,0.578,52.1,56.5,9.5,6.6,0.545,16.2,37.1,0.263
Portland,32,21,11,0.656,6.35,2.04,10,4,13,2,5,7,2306,2117,1290,798,1720,0.464,253,622,0.407,457,622,0.735,340,1068,472,207,53,420,504,65.2,109.6,0.362,0.362,0.572,52.1,59.1,9.8,5,0.538,17.2,34,0.266,,65.2,100.6,0.357,0.375,0.532,47.9,52.1,10.6,8.2,0.504,18.2,30.7,0.235
Prairie View,30,16,14,0.533,-15.79,-12.11,11,7,11,3,5,10,1930,1865,1210,682,1723,0.396,180,605,0.298,386,629,0.614,363,1128,392,240,124,427,527,68.5,93.1,0.365,0.351,0.477,49.4,57.5,11.6,12.6,0.448,17.4,31.3,0.224,,68.5,90,0.348,0.404,0.483,50.6,56.1,9.3,9.4,0.452,20.2,31.9,0.223
Princeton,31,22,9,0.71,-0.02,-5.56,11,3,11,3,11,6,1871,1652,1250,660,1497,0.441,204,568,0.359,347,483,0.718,276,951,363,238,101,407,523,59.6,100.4,0.323,0.379,0.542,51,55,12.8,9.5,0.509,19.1,30,0.232,,59.6,88.7,0.368,0.264,0.489,49,47.3,9.8,9.9,0.442,20.9,28.4,0.265
Providence,31,12,19,0.387,7.04,8.24,4,14,8,9,4,9,2554,2547,1245,913,2104,0.434,249,754,0.33,479,714,0.671,535,1253,443,248,136,394,615,74,110.9,0.339,0.358,0.523,51.5,48.5,10.8,9.7,0.493,13.9,41.5,0.228,,74,110.6,0.382,0.285,0.552,48.5,55.2,8,9.2,0.52,15.4,37.3,0.264
Purdue,35,29,6,0.829,17.52,8.81,14,4,15,3,8,2,2467,2144,1405,867,1957,0.443,187,588,0.318,546,755,0.723,351,1170,493,248,162,381,651,66.7,105.3,0.386,0.3,0.533,48.9,56.9,10.6,12.2,0.491,14.1,29.4,0.279,,66.7,91.5,0.368,0.281,0.494,51.1,51.3,7.8,6.6,0.448,20.2,31.8,0.263
Quinnipiac,33,23,10,0.697,-3.5,-9.37,15,3,14,1,8,9,2415,2194,1320,862,1926,0.448,133,392,0.339,558,774,0.721,482,1333,443,232,71,452,627,68.9,106.2,0.402,0.204,0.526,55.9,51.4,10.2,5.7,0.482,16.5,40.8,0.29,,68.9,96.5,0.387,0.318,0.506,44.1,50.9,9.1,6.7,0.471,17.7,29.3,0.256
Radford,31,19,12,0.613,-6.42,-6.9,13,5,13,3,6,8,2217,2127,1255,819,1847,0.443,138,460,0.3,441,744,0.593,442,1340,503,182,115,467,495,71,99.6,0.403,0.249,0.504,54.6,61.4,8.2,9.2,0.481,17.5,36.9,0.239,,71,95.5,0.291,0.349,0.485,45.4,55.6,12.2,8.2,0.454,15.1,28.4,0.195
Rhode Island,36,26,10,0.722,9.16,3.33,9,7,15,2,9,6,2737,2528,1450,991,2227,0.445,235,705,0.333,520,745,0.698,477,1258,533,294,182,394,595,68.8,109.7,0.335,0.317,0.53,48.9,53.8,11.8,11.9,0.498,13.2,35.3,0.233,,68.8,101.3,0.3,0.262,0.533,51.1,49.1,7.2,6.2,0.509,19.1,36,0.2
Rice,31,8,23,0.258,-5.72,1.15,1,15,7,10,1,13,1983,2161,1245,703,1739,0.404,164,532,0.308,413,638,0.647,382,1097,369,229,82,436,615,67.4,94.5,0.367,0.306,0.486,50,52.5,10.9,8.1,0.451,17.6,32.9,0.237,,67.4,103,0.421,0.386,0.549,50,59.4,11.2,10.8,0.51,18.6,30.7,0.298
Richmond,35,26,9,0.743,10.03,3.43,13,3,14,1,7,6,2427,2196,1430,868,1943,0.447,250,704,0.355,441,630,0.7,310,1139,442,289,158,392,634,65,104.4,0.324,0.362,0.541,46.2,50.9,12.4,11.9,0.511,14.9,26.4,0.227,,65,94.5,0.362,0.312,0.486,53.8,45.6,8.2,9.4,0.442,18.9,35.8,0.256
Rider,33,17,16,0.515,-3.71,-1.68,9,9,7,6,8,9,2295,2362,1335,811,1914,0.424,218,646,0.337,455,661,0.688,345,1150,411,225,101,425,582,69.1,99.5,0.345,0.338,0.515,47.9,50.7,9.8,8.1,0.481,16,28.2,0.238,,69.1,102.4,0.347,0.342,0.534,52.1,56.9,8.8,9.1,0.5,17.3,31.7,0.243
Robert Morris,35,23,12,0.657,-3.71,-6.15,15,3,12,3,10,7,2399,2306,1405,815,1868,0.436,197,546,0.361,572,859,0.666,412,1227,433,267,80,521,757,67.6,101,0.46,0.292,0.527,51.1,53.1,11.2,7.2,0.489,18.6,34.6,0.306,,67.6,97.1,0.478,0.382,0.522,48.9,57,10.4,9,0.469,19.9,32.5,0.344
Rutgers,32,15,17,0.469,1.29,5.91,5,13,13,6,1,9,2160,2295,1285,767,1810,0.424,211,635,0.332,415,623,0.666,381,1146,438,186,227,466,517,68.1,98.7,0.344,0.351,0.513,48,57.1,8.5,16,0.482,18.1,33.2,0.229,,68.1,104.8,0.295,0.288,0.506,52,50.9,11.8,8.7,0.477,14.7,38.2,0.199
Sacramento State,30,9,21,0.3,-12.41,-2.65,3,13,5,8,4,12,1935,2140,1200,671,1632,0.411,176,507,0.347,417,583,0.715,277,970,385,216,85,424,563,68.6,94,0.357,0.311,0.507,46.9,57.4,10.5,7.9,0.465,18.2,26.2,0.256,,68.6,104,0.393,0.342,0.548,53.1,56.6,10,8.9,0.505,17.9,31.6,0.291
Sacred Heart,29,14,15,0.483,-11.39,-8.72,7,11,9,4,4,11,2087,2123,1165,770,1743,0.442,252,635,0.397,295,477,0.618,389,1077,426,201,101,462,550,70.3,102,0.274,0.364,0.53,52.3,55.3,9.8,8.4,0.514,19,36.2,0.169,,70.3,103.7,0.391,0.27,0.546,47.7,49.8,11.2,7,0.505,17.3,30.3,0.286
Saint Francis (PA),30,11,19,0.367,-15.87,-7.08,9,9,9,5,2,14,1875,2104,1205,633,1523,0.416,203,551,0.368,406,555,0.732,299,922,386,174,76,476,603,65.2,95.5,0.364,0.362,0.525,47.5,61,8.9,7.5,0.482,21,30.4,0.267,,65.2,107.2,0.415,0.355,0.556,52.5,57.9,11.3,10.7,0.517,17.7,35,0.298
Saint Joseph's,31,11,20,0.355,-2.13,3.97,5,11,8,5,2,12,2141,2330,1250,731,1775,0.412,191,637,0.3,488,687,0.71,299,1001,406,226,108,407,553,70.7,96.9,0.387,0.359,0.509,44.5,55.5,10.2,8.6,0.466,16.2,26.5,0.275,,70.7,105.5,0.32,0.335,0.534,55.5,57,10,10.9,0.502,17,37.5,0.227
Saint Louis,36,23,13,0.639,5.46,2.55,11,5,18,4,5,6,2283,2168,1480,826,1882,0.439,215,674,0.319,416,672,0.619,333,1206,454,204,169,478,615,63.4,97.3,0.357,0.358,0.519,48.5,55,8.7,11.4,0.496,17.8,28,0.221,,63.4,92.4,0.336,0.245,0.476,51.5,44.9,9.7,8.9,0.439,17.9,32.7,0.227
Saint Mary's (CA),34,28,6,0.824,13.38,2.2,11,3,14,2,9,2,2668,2258,1365,944,1950,0.484,284,699,0.406,496,652,0.761,370,1244,543,168,176,394,560,67,116.7,0.334,0.358,0.59,53.2,57.5,7.3,11.4,0.557,14.8,34.4,0.254,,67,98.7,0.3,0.236,0.489,46.8,38.8,8.4,6.3,0.459,13.8,30.9,0.199
Saint Peter's,30,16,14,0.533,-2.73,-4.57,11,7,7,7,9,6,1863,1808,1220,661,1660,0.398,152,479,0.317,389,586,0.664,428,1169,311,227,132,489,591,65.6,93.1,0.353,0.289,0.481,52.9,47,11.3,12.2,0.444,20.1,38.6,0.234,,65.6,90.3,0.413,0.329,0.47,47.1,53.3,11.3,12.4,0.428,18.7,32.7,0.269
Sam Houston State,33,25,8,0.758,3.71,-3.37,14,2,13,1,7,6,2616,2284,1330,909,1963,0.463,287,775,0.37,511,727,0.703,410,1247,673,257,85,442,661,70.6,111.5,0.37,0.395,0.567,53,74,11,7,0.536,16.1,34.9,0.26,,70.6,97.4,0.402,0.338,0.523,47,68.9,9,7.9,0.486,18.9,29,0.274
Samford,31,11,20,0.355,-7.32,-2.54,5,13,7,7,4,10,1789,1881,1240,620,1365,0.454,247,696,0.355,302,453,0.667,192,867,405,162,53,399,443,57.8,99.9,0.332,0.51,0.566,46.9,65.3,9,6,0.545,20.2,23.2,0.221,,57.8,105,0.267,0.452,0.521,53.1,54.5,12.1,11.1,0.5,15.7,33.8,0.175
San Diego State,34,25,9,0.735,11.34,4.21,11,5,14,1,9,7,2389,2101,1375,875,1846,0.474,179,564,0.317,460,741,0.621,444,1257,458,251,156,453,552,63.9,108.8,0.401,0.306,0.543,54.8,52.3,11.4,13,0.522,17.1,40.2,0.249,,63.9,95.7,0.302,0.348,0.498,45.2,56.4,9.2,8.3,0.465,17.7,31.6,0.209
San Diego,32,11,21,0.344,-2.6,1.98,3,11,5,9,3,8,1996,2119,1290,680,1652,0.412,220,616,0.357,416,584,0.712,299,972,367,213,96,429,585,63.8,97.1,0.354,0.373,0.517,47.8,54,10.4,8.8,0.478,18.2,28.3,0.252,,63.8,103.1,0.441,0.318,0.55,52.2,51.9,10.8,11,0.514,18.3,31.1,0.302
San Francisco,30,12,18,0.4,-3.48,2.82,7,7,9,4,3,10,2116,2186,1225,723,1618,0.447,171,483,0.354,499,727,0.686,326,1076,369,161,59,441,544,68.1,101.4,0.449,0.299,0.539,52.7,51,7.7,5.1,0.5,18.3,32.1,0.308,,68.1,104.8,0.336,0.336,0.546,47.3,55.4,10,8.3,0.509,15.7,27,0.25
San Jose State,31,14,17,0.452,-2.06,0.83,6,10,10,4,4,12,2289,2342,1245,796,1748,0.455,202,509,0.397,495,680,0.728,358,1090,416,145,81,392,521,67.7,108.6,0.389,0.291,0.553,50.3,52.3,6.9,6.3,0.513,15.9,34.6,0.283,,67.7,111.1,0.329,0.319,0.533,49.7,58.8,9.4,5.8,0.512,12.5,35.3,0.208
Santa Clara,32,11,21,0.344,-5.84,1.66,3,11,6,12,5,8,2049,2225,1285,696,1692,0.411,149,498,0.299,508,743,0.684,376,1091,316,232,121,493,634,67.3,94.9,0.439,0.294,0.501,50,45.4,10.7,10.5,0.455,19.4,33.9,0.3,,67.3,103,0.435,0.32,0.543,50,57.9,10.8,10.9,0.509,18.5,33.3,0.292
Savannah State,26,11,15,0.423,-12.9,-5.75,0,0,8,3,2,11,1528,1604,1045,564,1329,0.424,112,370,0.303,288,443,0.65,292,852,303,194,74,418,476,64.2,91.1,0.333,0.278,0.496,51.4,53.7,11.6,7.9,0.467,21.4,34.4,0.217,,64.2,95.6,0.395,0.28,0.519,48.6,54.9,11.3,11.7,0.487,20.4,30.9,0.26
Seton Hall,32,19,13,0.594,10.43,5.78,9,9,13,5,5,6,2563,2414,1300,938,2107,0.445,209,627,0.333,478,701,0.682,456,1240,487,236,168,342,602,71.6,110.1,0.333,0.298,0.525,49.3,51.9,10.1,11.9,0.495,12.3,36,0.227,,71.6,103.7,0.356,0.3,0.513,50.7,47.1,7.2,9.9,0.474,15.9,37.4,0.253
Siena,34,27,7,0.794,8.48,-1.17,17,1,17,0,9,5,2554,2226,1370,930,2048,0.454,160,498,0.321,534,793,0.673,442,1310,486,298,119,418,471,70,106.6,0.387,0.243,0.527,52.9,52.3,12.4,8.5,0.493,14.7,35.5,0.261,,70,92.9,0.214,0.313,0.497,47.1,53.9,8.6,7.3,0.48,18.8,29.5,0.136
South Alabama,32,17,15,0.531,-7.72,-3.82,8,10,9,6,6,8,2124,2177,1300,739,1771,0.417,160,464,0.345,486,685,0.709,395,1163,374,193,114,462,588,66.7,97.9,0.387,0.262,0.507,50.2,50.6,8.9,9.7,0.462,18.1,34.6,0.274,,66.7,100.4,0.363,0.354,0.512,49.8,50.8,10.1,9.3,0.468,17.7,34.7,0.265
South Carolina State,32,18,14,0.563,-9.31,-8.65,10,6,10,3,6,10,2224,2225,1290,784,1766,0.444,162,529,0.306,494,675,0.732,367,1110,423,224,92,497,602,68.8,100.2,0.382,0.3,0.533,50.4,54,10.1,7.7,0.49,19.2,34.4,0.28,,68.8,100.3,0.373,0.339,0.522,49.6,51.5,10,8.2,0.491,18.4,34.6,0.246
South Carolina,31,15,16,0.484,8.26,7.29,6,10,11,5,2,9,2227,2197,1240,820,1961,0.418,216,675,0.32,371,571,0.65,411,1078,306,269,188,382,549,70.7,101.6,0.291,0.344,0.499,46.6,37.3,12.3,14.5,0.473,14.6,33.1,0.189,,70.7,100.2,0.392,0.262,0.528,53.4,50.2,9.1,8.9,0.493,19.6,37.9,0.267
South Dakota State,30,14,16,0.467,-6.05,-5.05,10,8,9,5,5,7,2227,2197,1210,721,1710,0.422,212,574,0.369,573,769,0.745,363,1061,351,166,67,364,554,68.8,107,0.45,0.336,0.537,50.1,48.7,8,5.4,0.484,14.9,33.2,0.335,,68.8,105.6,0.357,0.28,0.547,49.9,46.3,9.7,10.1,0.515,16.8,31.8,0.251
South Florida,33,20,13,0.606,8.72,7.21,9,9,11,5,4,6,2226,2176,1330,775,1757,0.441,133,470,0.283,543,796,0.682,384,1170,392,205,117,415,563,65,103.1,0.453,0.268,0.521,50.6,50.6,9.5,8.8,0.479,16.3,34.3,0.309,,65,100.7,0.329,0.294,0.502,49.4,45.3,8.8,8.8,0.474,15.3,34.1,0.211
Southeast Missouri State,30,7,23,0.233,-14.49,-3.06,3,15,4,10,2,12,1927,2172,1221,662,1621,0.408,175,498,0.351,428,656,0.652,335,1026,335,178,73,465,654,68,92.9,0.405,0.307,0.499,48.4,50.6,8.6,6.7,0.462,19.4,30.5,0.264,,68,104.7,0.477,0.32,0.55,51.6,57.5,11.2,10.3,0.516,18.3,32.5,0.316
Southeastern Louisiana,31,19,12,0.613,-3.97,-6.21,10,6,14,1,4,9,2255,2074,1250,795,1667,0.477,209,539,0.388,456,648,0.704,288,1042,442,231,178,459,614,68.5,105.3,0.389,0.323,0.571,48.6,55.6,10.8,13.9,0.54,18.9,29.9,0.274,,68.5,96.9,0.355,0.295,0.489,51.4,49,9,6.5,0.445,17.2,36.1,0.253
Southern California,30,16,14,0.533,8.93,6.47,8,10,11,5,2,9,1789,1715,1210,662,1551,0.427,107,360,0.297,358,550,0.651,331,1047,282,171,132,434,531,63,93.9,0.355,0.232,0.494,52.7,42.6,9,12.2,0.461,19.3,34.2,0.231,,63,90,0.379,0.299,0.472,47.3,43.8,8.7,6,0.432,17.3,29.7,0.249
Southern Illinois,30,15,15,0.5,3.44,1.27,6,12,10,5,3,9,2104,2026,1210,740,1614,0.458,204,563,0.362,420,608,0.691,300,978,411,192,83,405,629,66.3,104.9,0.377,0.349,0.553,50.4,55.5,9.6,8,0.522,17.5,30.4,0.26,,66.3,101,0.451,0.323,0.546,49.6,52.2,9.8,7.7,0.499,18.4,28.9,0.327
Southern Methodist,31,14,17,0.452,2.39,3.78,7,9,10,7,4,6,2053,1998,1240,710,1554,0.457,183,521,0.351,450,643,0.7,315,1032,333,176,76,425,518,63.2,104.8,0.414,0.335,0.552,53,46.9,9,7.6,0.516,18.6,33.5,0.29,,63.2,102,0.304,0.392,0.532,47,55.7,10,6.5,0.497,16.2,28.9,0.224
Southern Mississippi,34,20,14,0.588,4.21,2.25,8,8,11,3,6,8,2200,2034,1360,758,1821,0.416,155,478,0.324,529,733,0.722,444,1285,326,179,121,432,614,63.7,101.6,0.403,0.262,0.507,55.1,43,8.3,11.3,0.459,16.6,37.8,0.29,,63.7,93.9,0.39,0.38,0.497,44.9,51.6,8.9,7,0.462,17.8,27.3,0.254
Southern Utah,29,7,22,0.241,-17.42,-4.75,3,15,6,8,0,13,1861,2125,1175,660,1498,0.441,130,368,0.353,411,566,0.726,294,1012,340,165,112,528,585,68.3,92.8,0.378,0.246,0.527,50.8,51.5,8.2,10.1,0.484,23,32.1,0.274,,68.3,105.9,0.44,0.337,0.526,49.2,53.4,12.7,9.2,0.486,14.7,33.1,0.299
Southern,30,5,25,0.167,-23.96,-10.96,3,15,4,8,1,14,1802,2173,1200,647,1675,0.386,140,512,0.273,368,616,0.597,326,1025,363,177,114,489,502,70.8,84.8,0.368,0.306,0.458,45,56.1,8.3,9.2,0.428,19.9,28.2,0.22,,70.8,102.3,0.346,0.308,0.519,55,55.5,12.8,9.8,0.495,17.5,37.6,0.218
St. Bonaventure,31,15,16,0.484,1.29,1.96,7,9,10,4,3,10,2173,2182,1240,803,1734,0.463,161,474,0.34,406,614,0.661,349,1099,458,180,119,446,598,68.7,102.1,0.354,0.273,0.536,51.2,57,8.5,10,0.51,18,33.4,0.234,,68.7,102.5,0.385,0.32,0.528,48.8,51.7,10.6,8.6,0.501,16.8,31.8,0.247
St. Francis (NY),29,11,18,0.379,-13.83,-8.42,8,10,5,8,6,10,1753,1884,1180,610,1525,0.4,190,609,0.312,343,558,0.615,324,944,344,232,87,449,545,65.2,91.2,0.366,0.399,0.49,48,56.4,12.1,9.3,0.462,20.1,31.4,0.225,,65.2,98,0.375,0.372,0.536,52,65.4,10.6,11.1,0.498,21.6,33.7,0.265
St. John's (NY),33,17,16,0.515,9.23,8.7,6,12,10,8,4,8,2251,2190,1340,817,1927,0.424,190,568,0.335,397,609,0.652,432,1219,432,222,124,409,607,65.4,102.7,0.316,0.295,0.508,51.8,52.9,10.1,9.7,0.473,15.6,35.5,0.206,,65.4,99.9,0.349,0.291,0.523,48.2,55.4,10.2,11.2,0.481,17.6,30.8,0.246
Stanford,32,14,18,0.438,5.71,6.5,7,11,10,6,2,10,2212,2237,1285,779,1796,0.434,210,594,0.354,444,669,0.664,337,1081,419,172,54,388,561,67.5,101.9,0.372,0.331,0.523,49.1,53.8,7.9,4.4,0.492,15.5,29.7,0.247,,67.5,103.1,0.368,0.311,0.539,50.9,50.4,8.9,9.2,0.501,17,30.3,0.265
Stephen F. Austin,32,23,9,0.719,-2.42,-6.9,11,5,13,2,6,6,2126,1914,1285,779,1703,0.457,135,383,0.352,433,611,0.709,378,1085,429,216,69,413,565,63.1,104.8,0.359,0.225,0.533,53.7,55.1,10.7,6.3,0.497,17.2,37.2,0.254,,63.1,94.4,0.386,0.301,0.515,46.3,46.4,9.7,9.5,0.477,20,29.6,0.264
Stetson,29,7,22,0.241,-17.62,-2.14,5,15,5,9,2,13,1744,2097,1160,614,1581,0.388,200,648,0.309,316,517,0.611,294,898,323,186,74,423,566,67.2,89.5,0.327,0.41,0.477,45,52.6,9.5,6.9,0.452,18.8,27.4,0.2,,67.2,107.6,0.441,0.301,0.566,55,56.6,11.6,10.7,0.532,18,34.6,0.303
Stony Brook,32,22,10,0.688,-3.64,-7.64,13,3,12,2,9,7,2205,2047,1280,776,1804,0.43,194,550,0.353,459,663,0.692,371,1164,371,229,62,404,571,67,102.9,0.368,0.305,0.52,51.9,47.8,10.7,5.8,0.484,16,32.7,0.254,,67,95.5,0.328,0.382,0.513,48.1,51.6,8.8,8.6,0.485,18.6,28.4,0.216
Syracuse,35,30,5,0.857,21.72,7.21,15,3,17,2,8,1,2832,2324,1400,1042,2021,0.516,244,624,0.391,504,745,0.677,417,1337,673,336,221,532,515,71,114,0.369,0.309,0.596,53,64.6,13.5,17.2,0.576,18.3,37.1,0.249,,71,93.5,0.256,0.402,0.482,47,63.4,11.9,5.7,0.459,18.5,34.3,0.163
Temple,35,29,6,0.829,12.44,4.27,14,2,14,2,12,3,2273,1987,1410,851,1942,0.438,204,605,0.337,367,533,0.689,382,1281,515,163,104,367,521,62,104.1,0.274,0.312,0.518,52.8,60.5,7.5,8.1,0.491,14.3,32.4,0.189,,62,91,0.269,0.326,0.464,47.2,47.2,8.6,7.7,0.43,15.6,27.8,0.188
Tennessee-Martin,29,4,25,0.138,-17.46,-2.06,1,17,4,9,0,16,1860,2215,1160,639,1677,0.381,151,485,0.311,431,642,0.671,380,1041,313,205,97,454,558,70.8,90.6,0.383,0.289,0.469,48.9,49,10,8.6,0.426,18.6,33.3,0.257,,70.8,107.9,0.4,0.314,0.564,51.1,62.7,10.2,11.1,0.528,17.3,33,0.287
Tennessee State,32,9,23,0.281,-9.57,-2.69,6,12,5,6,3,16,2154,2374,1305,750,1844,0.407,258,693,0.372,396,562,0.705,392,1063,397,254,76,511,631,68.5,96.5,0.305,0.376,0.51,48.1,52.9,11.4,6.5,0.477,19.5,33.1,0.215,,68.5,106.3,0.438,0.318,0.573,51.9,56.9,11.4,9.5,0.54,20,34.4,0.304
Tennessee Tech,32,15,17,0.469,-9.58,-2.51,8,10,9,5,6,11,2375,2474,1315,845,1801,0.469,186,486,0.383,499,720,0.693,383,1105,423,201,75,481,696,68.2,106,0.4,0.27,0.554,49.9,50.1,9,6.3,0.521,18.3,35.3,0.277,,68.2,110.4,0.472,0.338,0.562,50.1,55.3,10.6,8.3,0.526,16.9,36,0.324
Tennessee,37,28,9,0.757,16.05,7.75,11,5,15,1,5,5,2720,2413,1485,991,2174,0.456,218,681,0.32,520,775,0.671,441,1353,530,290,136,490,733,69.8,105.1,0.356,0.313,0.535,50.8,53.5,11.2,10.8,0.506,16.2,33.5,0.239,,69.8,93.2,0.407,0.381,0.498,49.2,52.4,8.7,10.6,0.452,19.8,32.3,0.283
Texas A&M-Corpus Christi,32,17,15,0.531,-2.05,-2.83,10,6,10,2,5,11,2184,2119,1290,770,1681,0.458,164,533,0.308,480,723,0.664,389,1161,422,250,122,556,584,67.5,100.3,0.43,0.317,0.539,53.8,54.8,11.5,11,0.507,21.5,37.4,0.286,,67.5,97.3,0.363,0.364,0.517,46.2,57.7,12,7.5,0.483,18.2,30.9,0.246
Texas A&M,34,24,10,0.706,15.24,9.8,11,5,15,1,5,5,2426,2192,1370,813,1846,0.44,210,626,0.335,590,892,0.661,400,1252,417,223,113,417,619,66.7,106.2,0.483,0.339,0.534,51.9,51.3,9.8,9.1,0.497,15.5,33.3,0.32,,66.7,95.9,0.356,0.333,0.506,48.1,54,9.5,12.1,0.466,17.9,29.5,0.25
Texas-Arlington,30,16,14,0.533,-8.06,-3.97,8,8,11,5,4,7,2216,2205,1220,745,1739,0.428,196,591,0.332,530,770,0.688,367,1082,364,208,108,452,705,72.1,100.7,0.443,0.34,0.526,47.5,48.9,9.5,9.3,0.485,17.7,32.2,0.305,,72.1,100.2,0.51,0.324,0.515,52.5,56.2,9.2,10.5,0.474,18.7,37.3,0.331
Texas Christian,32,13,19,0.406,-0.25,4.15,5,11,9,8,3,10,2169,2269,1295,759,1707,0.445,248,704,0.352,403,576,0.7,297,1021,441,169,61,449,612,66,101.5,0.337,0.412,0.548,49,58.1,7.9,5.4,0.517,18.5,28.4,0.236,,66,106.2,0.407,0.342,0.555,51,56.7,9.6,9.8,0.523,16.7,30.3,0.278
Texas-El Paso,33,26,7,0.788,12.66,1.96,15,1,15,2,8,2,2484,2131,1335,891,1879,0.474,201,586,0.343,501,744,0.673,323,1193,488,288,120,435,643,69.8,106.6,0.396,0.312,0.556,50.5,54.8,12.4,10.2,0.528,16.3,28.9,0.267,,69.8,91.4,0.432,0.348,0.49,49.5,53.5,8.2,6,0.446,19.3,30.2,0.289
Texas-Rio Grande Valley,33,6,27,0.182,-17.31,-4.47,4,8,3,7,2,18,2019,2382,1340,693,1781,0.389,211,669,0.315,422,655,0.644,292,1005,379,218,48,473,668,68.1,88.5,0.368,0.376,0.483,44,54.7,9.6,3.8,0.448,18.4,24.1,0.237,,68.1,104.4,0.418,0.28,0.559,56,52.5,9.8,12.5,0.532,19.5,33.3,0.275
Texas-San Antonio,30,19,11,0.633,-2.9,-5.44,9,7,11,3,6,7,2121,1983,1210,740,1683,0.44,190,523,0.363,451,593,0.761,342,1029,352,199,50,347,499,65.2,107.6,0.352,0.311,0.54,51.5,47.6,10.1,4.9,0.496,15,33.9,0.268,,65.2,100.6,0.327,0.368,0.53,48.5,48.1,8.4,9,0.502,17.8,30.4,0.222
Texas Southern,33,17,16,0.515,-11.12,-11.38,11,7,8,3,5,11,2241,2167,1330,822,1765,0.466,140,461,0.304,457,722,0.633,362,1104,402,341,122,574,690,69.6,96.8,0.409,0.261,0.532,50.2,48.9,14.7,10.6,0.505,21.4,33.3,0.259,,69.6,93.6,0.472,0.323,0.519,49.8,59.5,9.8,7,0.477,22.2,33.3,0.317
Texas State,31,15,16,0.484,-7.38,-3.3,9,7,11,3,4,10,2392,2413,1270,793,1902,0.417,214,644,0.332,592,886,0.668,466,1226,449,285,96,556,773,75.7,99.5,0.466,0.339,0.515,51.5,56.6,11.9,8,0.473,19.3,36.7,0.311,,75.7,100.4,0.56,0.303,0.553,48.5,56.9,11.3,9.1,0.513,20.5,31.5,0.374
Texas Tech,35,19,16,0.543,7.97,8.47,4,12,14,5,4,10,2684,2662,1430,922,2103,0.438,196,528,0.371,644,901,0.715,422,1298,502,239,153,481,748,72.6,103.4,0.428,0.251,0.53,48.8,54.4,9.2,10.4,0.485,16,32.1,0.306,,72.6,102.5,0.41,0.312,0.52,51.2,48.4,9.4,8.6,0.478,16.8,35,0.287
Texas,34,24,10,0.706,18.56,7.38,9,7,15,2,5,6,2761,2381,1375,1005,2158,0.466,195,566,0.345,556,878,0.633,503,1425,489,269,194,464,670,73.6,109.2,0.407,0.262,0.536,53.8,48.7,10.6,13,0.511,15.3,38.9,0.258,,73.6,94.1,0.352,0.284,0.488,46.2,46.5,9.8,7.9,0.449,17.4,32.1,0.241
Toledo,32,4,28,0.125,-14.39,-0.77,1,15,4,11,0,15,1734,2137,1285,645,1572,0.41,168,503,0.334,276,440,0.627,278,984,346,137,59,464,562,61.4,87.8,0.28,0.32,0.487,47.5,53.6,6.9,5.2,0.464,20.7,27.3,0.176,,61.4,108.3,0.354,0.34,0.535,52.5,62.3,10.9,8.9,0.505,14.1,32.9,0.238
Towson,31,10,21,0.323,-8.46,-0.75,6,12,6,9,3,11,2124,2363,1250,751,1796,0.418,196,565,0.347,426,638,0.668,370,1063,391,195,151,396,524,68.2,99.6,0.355,0.315,0.506,46.2,52.1,9.1,11.4,0.473,15.9,32.1,0.237,,68.2,110.8,0.319,0.309,0.536,53.8,58.9,9.4,9.1,0.512,15,39.6,0.21
Troy,33,20,13,0.606,-3.04,-2.31,13,5,10,2,6,10,2467,2378,1325,932,1977,0.471,240,655,0.366,363,558,0.651,374,1192,421,229,115,402,531,68.7,108.3,0.282,0.331,0.55,50,45.2,10.1,9.2,0.532,15.2,32.3,0.184,,68.7,104.4,0.293,0.372,0.526,50,52.9,7.9,6.2,0.5,16.1,33.4,0.2
Tulane,30,8,22,0.267,-3.2,1.5,3,13,5,10,2,9,1864,2005,1205,636,1603,0.397,168,518,0.324,424,612,0.693,316,925,328,231,84,412,610,65.9,93.9,0.382,0.323,0.492,45.8,51.6,11.6,7.6,0.449,17.9,29.6,0.265,,65.9,101,0.445,0.28,0.539,54.2,53,9.1,11.9,0.499,19.9,36,0.31
Tulsa,35,23,12,0.657,8.46,2.84,10,6,18,2,5,7,2500,2284,1400,852,1871,0.455,173,489,0.354,623,881,0.707,396,1336,438,156,195,461,617,67.1,106.5,0.471,0.261,0.546,54.1,51.4,6.6,13.3,0.502,16.8,33.9,0.333,,67.1,97.3,0.356,0.265,0.488,45.9,42.8,10.3,7.5,0.442,13.4,27.7,0.257
UCLA,32,14,18,0.438,5.7,7.86,8,10,10,6,3,7,2139,2195,1300,784,1666,0.471,186,573,0.325,385,609,0.632,305,1018,489,206,135,460,512,65.1,101.2,0.366,0.344,0.547,49.5,62.4,9.7,11.5,0.526,19,30.4,0.231,,65.1,103.8,0.327,0.333,0.539,50.5,50.8,9.5,5.9,0.509,17.2,32.4,0.228
Utah State,35,27,8,0.771,13.62,1.23,14,2,17,1,8,5,2559,2097,1405,941,1928,0.488,242,585,0.414,435,574,0.758,362,1238,584,162,123,358,562,62.5,116.5,0.298,0.303,0.581,54.6,62.1,7.4,9.8,0.551,14,33.8,0.226,,62.5,95.5,0.291,0.329,0.493,45.4,51.5,7.7,8.1,0.458,15.6,26.9,0.206
Utah Valley,30,12,18,0.4,-16.18,-9.25,5,7,11,4,0,12,1906,1954,1206,650,1575,0.413,178,502,0.355,428,572,0.748,288,994,362,184,64,403,531,65,97.2,0.363,0.319,0.516,49.8,55.7,9.4,5.9,0.469,17.9,28.6,0.272,,65,99.7,0.379,0.301,0.529,50.2,50.5,9.7,10.6,0.492,17.6,28.5,0.266
Utah,31,14,17,0.452,4.29,4.16,7,9,9,8,4,8,2059,2058,1250,692,1618,0.428,185,580,0.319,490,655,0.748,284,1052,361,172,186,423,639,66.2,99.5,0.405,0.358,0.534,49.3,52.2,8.3,14.2,0.485,18,27.9,0.303,,66.2,99.5,0.441,0.232,0.497,50.7,43.3,10.2,7.5,0.447,14.5,31.3,0.31
Valparaiso,32,15,17,0.469,-2.9,0.34,10,8,9,4,5,12,2344,2378,1280,823,1764,0.467,245,665,0.368,453,636,0.712,328,1037,479,227,71,439,644,68.2,107.5,0.361,0.377,0.567,49.1,58.2,10.4,6.2,0.536,17.5,31.7,0.257,,68.2,109,0.47,0.338,0.56,50.9,55.8,10.5,9.6,0.519,16.9,34.3,0.331
Vanderbilt,33,24,9,0.727,15.24,7.86,12,4,14,2,7,3,2537,2274,1325,859,1829,0.47,203,552,0.368,616,854,0.721,361,1197,436,188,171,448,632,69.9,109.6,0.467,0.302,0.568,50.3,50.8,8.1,12.5,0.525,16.7,33.1,0.337,,69.9,98.3,0.34,0.312,0.491,49.7,48.2,9.6,10,0.464,16.1,35.1,0.214
Vermont,35,25,10,0.714,-1.26,-6.69,12,4,10,2,12,6,2457,2267,1405,826,1884,0.438,166,524,0.317,639,930,0.687,433,1291,423,239,141,487,635,67.5,103.6,0.494,0.278,0.528,51.9,51.2,10.1,10.2,0.482,17.3,36.3,0.339,,67.5,95.6,0.346,0.307,0.489,48.1,48.5,10.2,9.7,0.45,17.1,33.6,0.239
Villanova,33,25,8,0.758,16.72,7.75,13,5,12,2,6,4,2700,2404,1330,899,1962,0.458,252,676,0.373,650,861,0.755,442,1272,448,259,133,452,731,71.9,112.9,0.439,0.345,0.569,53.2,49.8,10.8,11.7,0.522,16,37.8,0.331,,71.9,100.5,0.491,0.385,0.526,46.8,58.8,9.1,11,0.474,18.1,32,0.348
Virginia Commonwealth,36,27,9,0.75,10.23,0.64,11,7,20,2,7,7,2737,2392,1450,979,2117,0.462,253,691,0.366,526,747,0.704,462,1331,536,318,148,443,626,67.8,111.4,0.353,0.326,0.554,51.5,54.7,12.9,9.7,0.522,15.2,36.6,0.248,,67.8,97.3,0.306,0.269,0.499,48.5,51.5,10.2,8.4,0.469,17.7,34.1,0.204
VMI,29,10,19,0.345,-19.91,-7.21,5,13,8,6,2,13,2569,2799,1165,883,2120,0.417,335,1026,0.327,468,687,0.681,384,1075,422,301,144,426,594,85.5,103.2,0.324,0.484,0.525,42.9,47.8,12.1,9,0.496,14.8,28.4,0.221,,85.5,112.5,0.367,0.225,0.577,57.1,54.9,8.8,13.9,0.56,17.8,40.1,0.235
Virginia Tech,34,25,9,0.735,11.65,5.13,10,6,17,2,6,6,2473,2215,1385,851,1994,0.427,157,511,0.307,614,856,0.717,443,1278,414,237,158,419,637,68.5,104.2,0.429,0.256,0.515,50.9,48.6,10,11.8,0.466,14.9,35.6,0.308,,68.5,93.3,0.351,0.311,0.487,49.1,54.4,7.2,10.2,0.446,18.8,34,0.245
Virginia,31,15,16,0.484,8.8,6.93,5,11,11,6,2,8,2029,1971,1250,733,1720,0.426,177,507,0.349,386,516,0.748,318,1053,403,190,81,333,510,63.6,102.2,0.3,0.295,0.516,50.4,55,9.6,6.9,0.478,14.5,30.1,0.224,,63.6,99.2,0.305,0.305,0.513,49.6,48.4,7.9,8.8,0.49,16.1,28.8,0.195
Wagner,31,5,26,0.161,-18.05,-8.78,3,15,2,11,2,14,1833,2111,1210,659,1635,0.403,228,663,0.344,287,463,0.62,320,1002,369,194,105,505,571,67.6,89.7,0.283,0.406,0.494,46.6,56,9.5,9.2,0.473,21.4,29.7,0.176,,67.6,103.3,0.399,0.327,0.524,53.4,59.8,13.6,9.8,0.489,17.6,36.6,0.269
Wake Forest,31,20,11,0.645,11.45,8.85,9,7,13,2,5,7,2257,2155,1270,811,1869,0.434,134,435,0.308,501,762,0.657,463,1306,369,221,162,471,624,70.4,100.9,0.408,0.233,0.506,53,45.5,9.9,12.7,0.47,17.4,38.8,0.268,,70.4,96.4,0.385,0.324,0.482,47,48,9.9,8.4,0.438,16,33.7,0.265
Washington State,31,16,15,0.516,5.31,4.65,6,12,8,5,4,9,2229,2190,1260,753,1677,0.449,175,502,0.349,548,777,0.705,371,1073,397,190,140,431,540,66.8,105.9,0.463,0.299,0.545,51.5,52.7,9,12.5,0.501,17.4,35.6,0.327,,66.8,104,0.344,0.351,0.544,48.5,53.7,10.3,7,0.511,17.6,32.6,0.244
Washington,36,26,10,0.722,15.64,7.49,11,7,17,2,4,6,2851,2519,1445,1004,2212,0.454,191,568,0.336,652,905,0.72,476,1364,515,264,151,460,766,72.8,108.5,0.409,0.257,0.54,52.5,51.3,10,10.2,0.497,14.8,36.9,0.295,,72.8,95.9,0.446,0.271,0.509,47.5,46.3,8.4,6.6,0.465,18.9,32.2,0.304
Weber State,31,20,11,0.645,3.71,-1.04,13,3,13,2,5,9,2361,2202,1255,787,1768,0.445,250,703,0.356,537,737,0.729,362,1116,401,200,93,387,607,68.5,109.9,0.417,0.398,0.557,52,51,9.3,8.1,0.516,15.4,33.2,0.304,,68.5,102.5,0.41,0.321,0.542,48,46.1,9.4,10.9,0.498,17.3,28.6,0.299
West Virginia,38,31,7,0.816,19.16,10.26,13,5,12,2,7,4,2752,2414,1545,942,2190,0.43,257,762,0.337,611,868,0.704,585,1467,589,213,155,451,686,64,111.4,0.396,0.348,0.529,54.5,62.5,8.6,11.4,0.489,14.8,42,0.279,,64,97.7,0.391,0.322,0.507,45.5,52.3,9.4,7.9,0.469,17.6,32.1,0.266
Western Carolina,34,22,12,0.647,-1.24,-2.91,11,7,14,2,7,9,2525,2352,1360,907,2022,0.449,274,753,0.364,437,682,0.641,441,1197,459,321,99,472,757,70.1,106,0.337,0.372,0.538,50.3,50.6,13.5,9.2,0.516,16.7,34.9,0.216,,70.1,98.7,0.523,0.378,0.544,49.7,52.2,8.9,7.3,0.499,21.3,32.2,0.359
Western Illinois,30,13,17,0.433,-11.84,-5.84,6,12,8,7,5,9,1771,1804,1205,609,1489,0.409,153,437,0.35,400,588,0.68,274,968,317,198,128,383,555,62.4,94.2,0.395,0.293,0.501,48.4,52.1,10.5,11.7,0.46,17.8,27.8,0.269,,62.4,95.9,0.432,0.281,0.492,51.6,54.8,9.7,10.5,0.446,17,31.8,0.295
Western Kentucky,34,21,13,0.618,2.32,-2.18,12,6,12,4,5,8,2422,2269,1380,862,1900,0.454,225,663,0.339,473,672,0.704,393,1192,432,218,100,441,580,65.8,106.6,0.354,0.349,0.546,51.8,50.1,9.6,7.7,0.513,16.6,34.3,0.249,,65.8,99.9,0.299,0.316,0.525,48.2,46.9,8.4,7.7,0.498,17.9,30.8,0.203
Western Michigan,33,18,15,0.545,0.43,-1.17,8,8,12,3,3,10,2287,2195,1320,778,1813,0.429,190,590,0.322,541,739,0.732,423,1214,413,231,89,449,623,66.6,104,0.408,0.325,0.528,52.5,53.1,10.5,7.1,0.482,17.2,37.2,0.298,,66.6,99.8,0.342,0.322,0.509,47.5,53.6,9.7,9,0.473,16.8,32.8,0.237
Wichita State,35,25,10,0.714,8.06,1.73,12,6,17,1,5,7,2427,2162,1405,837,1873,0.447,228,638,0.357,525,704,0.746,393,1208,498,237,104,458,691,64.6,107,0.376,0.341,0.55,53.8,59.5,10.4,8.7,0.508,17.2,34.7,0.28,,64.6,95.3,0.423,0.305,0.523,46.2,51.3,9,7.6,0.477,19.3,26.8,0.301
William & Mary,33,22,11,0.667,2.82,1.63,12,6,10,3,10,7,2213,2129,1340,735,1732,0.424,295,841,0.351,448,640,0.7,335,1134,463,177,84,357,536,61.4,107.5,0.37,0.486,0.543,49.6,63,8.6,7.3,0.51,14.9,30.7,0.259,,61.4,103.4,0.311,0.373,0.506,50.4,57.2,9.4,12.3,0.474,14.2,33.1,0.211
Winthrop,33,19,14,0.576,-8.68,-7.31,12,6,12,2,6,11,2042,2025,1330,735,1934,0.38,124,500,0.248,448,696,0.644,450,1276,346,283,135,402,622,66.7,92,0.36,0.259,0.451,51,47.1,12.8,11.8,0.412,15.1,34.1,0.232,,66.7,91.3,0.387,0.347,0.489,49,56.4,9.3,8.5,0.449,19.7,30.2,0.26
Wisconsin,33,24,9,0.727,17.84,7.66,13,5,16,1,5,5,2214,1878,1330,776,1750,0.443,246,690,0.357,416,568,0.732,320,1056,412,187,113,289,537,59.8,111.3,0.325,0.394,0.548,51.3,53.1,9.4,9.5,0.514,12.5,30.2,0.238,,59.8,94.4,0.361,0.253,0.505,48.7,46.7,7.4,7,0.468,17.6,26.3,0.248
Wofford,35,26,9,0.743,4.43,-2.57,15,3,11,1,10,6,2408,2134,1405,825,1873,0.44,203,580,0.35,555,830,0.669,402,1243,469,242,74,416,621,65.1,105.4,0.443,0.31,0.531,52.2,56.8,10.6,5.8,0.495,15.5,33.6,0.296,,65.1,93.4,0.352,0.301,0.498,47.8,42.7,7.9,10.5,0.463,18.6,29.1,0.237
Wright State,32,20,12,0.625,6.81,0.16,12,6,12,1,5,11,2163,1950,1285,750,1692,0.443,240,656,0.366,423,577,0.733,324,964,433,190,63,375,605,62.9,107,0.341,0.388,0.55,49.7,57.7,9.4,6.3,0.514,16,31.6,0.25,,62.9,96.4,0.442,0.329,0.542,50.3,54.3,7.9,7.6,0.494,21.8,30.1,0.323
Wyoming,31,10,21,0.323,-4.58,3.63,3,13,9,9,0,11,2190,2309,1245,734,1674,0.438,140,525,0.267,582,864,0.674,313,1047,346,241,132,479,634,72.1,97.6,0.516,0.314,0.525,48.1,47.1,10.7,11.4,0.48,18.7,29,0.348,,72.1,102.9,0.386,0.354,0.545,51.9,57.3,9.3,8.2,0.51,18.6,33,0.272
Xavier,35,26,9,0.743,16.23,5.94,14,2,15,0,7,5,2793,2433,1445,961,2082,0.462,250,664,0.377,621,873,0.711,444,1415,494,235,132,452,662,69.7,111,0.419,0.319,0.559,53.5,51.4,9.3,8.9,0.522,15.3,35.2,0.298,,69.7,96.7,0.329,0.312,0.488,46.5,53.1,8.9,12.3,0.456,15.3,29.9,0.215
Yale,31,12,19,0.387,-9.94,-5.6,6,8,6,6,4,10,2067,2157,1245,711,1687,0.421,138,466,0.296,507,700,0.724,359,1086,387,212,134,442,572,67.6,98.2,0.415,0.276,0.512,50.2,54.4,10.1,11,0.462,18,33.1,0.301,,67.6,102.5,0.34,0.301,0.531,49.8,55.9,10.5,8.6,0.495,17.4,32.6,0.243
